"date","user_country","sessions","enquiries"
"2014-01-01","United Kingdom","404","8"
"2014-01-01","United States","623","1"
"2014-01-02","United Kingdom","591","1"
"2014-01-02","United States","563","8"
"2014-01-03","United Kingdom","560","4"
"2014-01-03","United States","690","5"
"2014-01-04","United Kingdom","501","7"
"2014-01-04","United States","792","5"
"2014-01-05","United Kingdom","629","9"
"2014-01-05","United States","714","4"
"2014-01-06","United Kingdom","584","5"
"2014-01-06","United States","757","8"
"2014-01-07","United Kingdom","576","5"
"2014-01-07","United States","757","7"
"2014-01-08","United Kingdom","560","6"
"2014-01-08","United States","746","9"
"2014-01-09","United Kingdom","467","4"
"2014-01-09","United States","699","3"
"2014-01-10","United Kingdom","479","5"
"2014-01-10","United States","621","2"
"2014-01-11","United Kingdom","437","8"
"2014-01-11","United States","584","5"
"2014-01-12","United Kingdom","575","7"
"2014-01-12","United States","630","4"
"2014-01-13","United Kingdom","558","5"
"2014-01-13","United States","730","5"
"2014-01-14","United Kingdom","538","6"
"2014-01-14","United States","739","6"
"2014-01-15","United Kingdom","503","5"
"2014-01-15","United States","730","10"
"2014-01-16","United Kingdom","501","5"
"2014-01-16","United States","705","6"
"2014-01-17","United Kingdom","450","4"
"2014-01-17","United States","682","5"
"2014-01-18","United Kingdom","453","1"
"2014-01-18","United States","569","2"
"2014-01-19","United Kingdom","572","4"
"2014-01-19","United States","630","7"
"2014-01-20","United Kingdom","555","3"
"2014-01-20","United States","700","8"
"2014-01-21","United Kingdom","515","4"
"2014-01-21","United States","654","4"
"2014-01-22","United Kingdom","504","4"
"2014-01-22","United States","732","9"
"2014-01-23","United Kingdom","654","3"
"2014-01-23","United States","852","11"
"2014-01-24","United Kingdom","425","5"
"2014-01-24","United States","714","6"
"2014-01-25","United Kingdom","403","6"
"2014-01-25","United States","595","5"
"2014-01-26","United Kingdom","568","6"
"2014-01-26","United States","702","10"
"2014-01-27","United Kingdom","527","2"
"2014-01-27","United States","764","3"
"2014-01-28","United Kingdom","544","8"
"2014-01-28","United States","802","5"
"2014-01-29","United Kingdom","579","11"
"2014-01-29","United States","744","8"
"2014-01-30","United Kingdom","490","6"
"2014-01-30","United States","701","9"
"2014-01-31","United Kingdom","437","3"
"2014-01-31","United States","692","6"
"2014-02-01","United Kingdom","564","3"
"2014-02-01","United States","632","6"
"2014-02-02","United Kingdom","583","3"
"2014-02-02","United States","650","5"
"2014-02-03","United Kingdom","580","4"
"2014-02-03","United States","730","12"
"2014-02-04","United Kingdom","858","6"
"2014-02-04","United States","1088","5"
"2014-02-05","United Kingdom","635","7"
"2014-02-05","United States","1194","4"
"2014-02-06","United Kingdom","449","6"
"2014-02-06","United States","775","4"
"2014-02-07","United Kingdom","369","1"
"2014-02-07","United States","845","8"
"2014-02-08","United Kingdom","407","1"
"2014-02-08","United States","710","3"
"2014-02-09","United Kingdom","490","4"
"2014-02-09","United States","698","4"
"2014-02-10","United Kingdom","503","5"
"2014-02-10","United States","789","6"
"2014-02-11","United Kingdom","515","2"
"2014-02-11","United States","754","2"
"2014-02-12","United Kingdom","441","3"
"2014-02-12","United States","653","7"
"2014-02-13","United Kingdom","421","6"
"2014-02-13","United States","705","5"
"2014-02-14","United Kingdom","390","2"
"2014-02-14","United States","638","1"
"2014-02-15","United Kingdom","398","3"
"2014-02-15","United States","603","3"
"2014-02-16","United Kingdom","513","7"
"2014-02-16","United States","752","4"
"2014-02-17","United Kingdom","601","8"
"2014-02-17","United States","817","8"
"2014-02-18","United Kingdom","567","1"
"2014-02-18","United States","829","7"
"2014-02-19","United Kingdom","497","4"
"2014-02-19","United States","771","6"
"2014-02-20","United Kingdom","487","2"
"2014-02-20","United States","723","6"
"2014-02-21","United Kingdom","429","2"
"2014-02-21","United States","676","6"
"2014-02-22","United Kingdom","429","1"
"2014-02-22","United States","612","4"
"2014-02-23","United Kingdom","557","2"
"2014-02-23","United States","750","7"
"2014-02-24","United Kingdom","882","6"
"2014-02-24","United States","1162","9"
"2014-02-25","United Kingdom","642","2"
"2014-02-25","United States","1132","6"
"2014-02-26","United Kingdom","566","4"
"2014-02-26","United States","4536","6"
"2014-02-27","United Kingdom","525","3"
"2014-02-27","United States","3144","6"
"2014-02-28","United Kingdom","450","6"
"2014-02-28","United States","926","1"
"2014-03-01","United Kingdom","446","3"
"2014-03-02","United Kingdom","607","2"
"2014-03-02","United States","852","3"
"2014-03-03","United Kingdom","539","4"
"2014-03-03","United States","893","2"
"2014-03-04","United Kingdom","514","2"
"2014-03-04","United States","927","7"
"2014-03-05","United Kingdom","502","2"
"2014-03-05","United States","969","6"
"2014-03-06","United Kingdom","525","1"
"2014-03-06","United States","940","8"
"2014-03-07","United Kingdom","453","2"
"2014-03-07","United States","781","7"
"2014-03-08","United Kingdom","445","2"
"2014-03-08","United States","697","5"
"2014-03-09","United States","780","3"
"2014-03-10","United Kingdom","551","4"
"2014-03-10","United States","837","3"
"2014-03-11","United Kingdom","543","2"
"2014-03-11","United States","843","6"
"2014-03-12","United Kingdom","514","4"
"2014-03-12","United States","840","6"
"2014-03-13","United Kingdom","521","3"
"2014-03-13","United States","810","6"
"2014-03-14","United Kingdom","432","1"
"2014-03-14","United States","627","8"
"2014-03-15","United Kingdom","404","4"
"2014-03-15","United States","673","7"
"2014-03-16","United Kingdom","545","2"
"2014-03-16","United States","769","7"
"2014-03-17","United Kingdom","531","6"
"2014-03-17","United States","815","5"
"2014-03-18","United Kingdom","505","1"
"2014-03-18","United States","740","5"
"2014-03-19","United Kingdom","456","5"
"2014-03-19","United States","728","4"
"2014-03-20","United Kingdom","459","3"
"2014-03-20","United States","657","2"
"2014-03-21","United Kingdom","365","1"
"2014-03-21","United States","530","5"
"2014-03-22","United Kingdom","316","4"
"2014-03-22","United States","376","2"
"2014-03-23","United Kingdom","414","5"
"2014-03-23","United States","407","1"
"2014-03-24","United Kingdom","470","1"
"2014-03-24","United States","547","5"
"2014-03-25","United States","488","8"
"2014-03-26","United Kingdom","456","5"
"2014-03-26","United States","510","3"
"2014-03-27","United Kingdom","367","1"
"2014-03-27","United States","499","2"
"2014-03-28","United Kingdom","325","2"
"2014-03-28","United States","431","2"
"2014-03-29","United States","477","1"
"2014-03-30","United Kingdom","391","1"
"2014-03-30","United States","554","2"
"2014-03-31","United Kingdom","491","1"
"2014-03-31","United States","575","6"
"2014-04-01","United States","652","4"
"2014-04-02","United Kingdom","406","8"
"2014-04-02","United States","654","4"
"2014-04-03","United Kingdom","455","2"
"2014-04-03","United States","672","4"
"2014-04-04","United Kingdom","403","2"
"2014-04-04","United States","945","5"
"2014-04-05","United Kingdom","330","2"
"2014-04-05","United States","469","7"
"2014-04-06","United Kingdom","356","3"
"2014-04-06","United States","433","2"
"2014-04-07","United Kingdom","431","2"
"2014-04-07","United States","570","2"
"2014-04-08","United Kingdom","408","2"
"2014-04-08","United States","629","7"
"2014-04-09","United Kingdom","385","5"
"2014-04-09","United States","617","10"
"2014-04-10","United Kingdom","428","6"
"2014-04-10","United States","574","4"
"2014-04-11","United Kingdom","858","4"
"2014-04-11","United States","812","5"
"2014-04-12","United Kingdom","443","1"
"2014-04-12","United States","573","6"
"2014-04-13","United Kingdom","392","9"
"2014-04-13","United States","577","2"
"2014-04-14","United Kingdom","741","3"
"2014-04-14","United States","784","6"
"2014-04-15","United Kingdom","469","3"
"2014-04-15","United States","738","10"
"2014-04-16","United Kingdom","444","7"
"2014-04-16","United States","656","13"
"2014-04-17","United Kingdom","401","3"
"2014-04-17","United States","653","5"
"2014-04-18","United Kingdom","320","1"
"2014-04-18","United States","644","7"
"2014-04-19","United States","524","5"
"2014-04-20","United Kingdom","394","4"
"2014-04-20","United States","542","7"
"2014-04-21","United Kingdom","496","5"
"2014-04-21","United States","699","5"
"2014-04-22","United Kingdom","470","1"
"2014-04-22","United States","695","13"
"2014-04-23","United Kingdom","429","7"
"2014-04-23","United States","614","8"
"2014-04-24","United Kingdom","419","4"
"2014-04-24","United States","706","8"
"2014-04-25","United Kingdom","419","3"
"2014-04-25","United States","647","10"
"2014-04-26","United Kingdom","378","4"
"2014-04-26","United States","534","5"
"2014-04-27","United Kingdom","541","3"
"2014-04-27","United States","577","5"
"2014-04-28","United Kingdom","567","1"
"2014-04-28","United States","668","8"
"2014-04-29","United Kingdom","540","7"
"2014-04-29","United States","748","8"
"2014-04-30","United Kingdom","511","3"
"2014-04-30","United States","696","8"
"2014-05-01","United Kingdom","566","7"
"2014-05-01","United States","615","3"
"2014-05-02","United Kingdom","431","4"
"2014-05-02","United States","584","3"
"2014-05-03","United Kingdom","366","2"
"2014-05-03","United States","481","2"
"2014-05-04","United Kingdom","472","3"
"2014-05-04","United States","541","3"
"2014-05-05","United Kingdom","613","7"
"2014-05-05","United States","589","1"
"2014-05-06","United Kingdom","569","1"
"2014-05-06","United States","663","5"
"2014-05-07","United Kingdom","560","4"
"2014-05-08","United Kingdom","539","3"
"2014-05-08","United States","637","1"
"2014-05-09","United Kingdom","420","1"
"2014-05-09","United States","611","1"
"2014-05-10","United Kingdom","490","3"
"2014-05-10","United States","525","1"
"2014-05-11","United States","825","3"
"2014-05-12","United Kingdom","556","4"
"2014-05-12","United States","709","6"
"2014-05-13","United Kingdom","547","4"
"2014-05-13","United States","714","3"
"2014-05-14","United Kingdom","554","3"
"2014-05-14","United States","656","3"
"2014-05-15","United Kingdom","591","2"
"2014-05-15","United States","669","1"
"2014-05-16","United Kingdom","477","1"
"2014-05-16","United States","588","10"
"2014-05-17","United Kingdom","437","2"
"2014-05-17","United States","501","1"
"2014-05-18","United Kingdom","517","2"
"2014-05-18","United States","508","5"
"2014-05-19","United Kingdom","577","1"
"2014-05-19","United States","681","4"
"2014-05-20","United States","739","9"
"2014-05-21","United Kingdom","565","4"
"2014-05-21","United States","670","5"
"2014-05-22","United Kingdom","561","5"
"2014-05-22","United States","637","5"
"2014-05-23","United Kingdom","481","1"
"2014-05-23","United States","688","2"
"2014-05-24","United Kingdom","464","2"
"2014-05-25","United Kingdom","481","1"
"2014-05-25","United States","490","3"
"2014-05-26","United States","629","4"
"2014-05-27","United Kingdom","609","6"
"2014-05-27","United States","860","1"
"2014-05-28","United Kingdom","561","3"
"2014-05-28","United States","814","1"
"2014-05-29","United Kingdom","609","5"
"2014-05-29","United States","837","4"
"2014-05-30","United Kingdom","694","1"
"2014-05-30","United States","817","5"
"2014-05-31","United Kingdom","492","1"
"2014-05-31","United States","622","1"
"2014-06-01","United Kingdom","540","2"
"2014-06-01","United States","597","3"
"2014-06-02","United Kingdom","674","3"
"2014-06-02","United States","803","2"
"2014-06-03","United Kingdom","705","3"
"2014-06-03","United States","869","2"
"2014-06-04","United Kingdom","690","5"
"2014-06-04","United States","990","3"
"2014-06-05","United Kingdom","718","4"
"2014-06-05","United States","936","4"
"2014-06-06","United Kingdom","553","2"
"2014-06-06","United States","1040","4"
"2014-06-07","United Kingdom","640","2"
"2014-06-07","United States","1042","5"
"2014-06-08","United Kingdom","729","2"
"2014-06-08","United States","1191","3"
"2014-06-09","United Kingdom","725","3"
"2014-06-09","United States","1341","4"
"2014-06-10","United Kingdom","815","4"
"2014-06-10","United States","1423","6"
"2014-06-11","United Kingdom","730","2"
"2014-06-11","United States","1387","1"
"2014-06-12","United Kingdom","557","4"
"2014-06-12","United States","1422","2"
"2014-06-13","United Kingdom","456","2"
"2014-06-13","United States","1323","4"
"2014-06-14","United Kingdom","428","1"
"2014-06-14","United States","1225","1"
"2014-06-15","United Kingdom","604","2"
"2014-06-15","United States","1289","5"
"2014-06-16","United Kingdom","677","4"
"2014-06-16","United States","1567","3"
"2014-06-17","United Kingdom","605","4"
"2014-06-17","United States","1496","16"
"2014-06-18","United Kingdom","541","2"
"2014-06-18","United States","1595","6"
"2014-06-19","United Kingdom","517","2"
"2014-06-19","United States","1441","1"
"2014-06-20","United Kingdom","470","2"
"2014-06-20","United States","1310","6"
"2014-06-21","United States","675","1"
"2014-06-22","United Kingdom","597","2"
"2014-06-22","United States","738","2"
"2014-06-23","United Kingdom","683","3"
"2014-06-23","United States","847","8"
"2014-06-24","United Kingdom","771","6"
"2014-06-24","United States","944","4"
"2014-06-25","United Kingdom","573","3"
"2014-06-25","United States","774","2"
"2014-06-26","United Kingdom","520","2"
"2014-06-26","United States","865","5"
"2014-06-27","United Kingdom","526","3"
"2014-06-27","United States","772","6"
"2014-06-28","United Kingdom","410","3"
"2014-06-28","United States","666","1"
"2014-06-29","United Kingdom","631","5"
"2014-06-29","United States","620","1"
"2014-06-30","United Kingdom","444","5"
"2014-06-30","United States","709","6"
"2014-07-01","United Kingdom","429","3"
"2014-07-01","United States","754","1"
"2014-07-02","United Kingdom","382","6"
"2014-07-02","United States","863","1"
"2014-07-03","United Kingdom","373","4"
"2014-07-03","United States","1096","4"
"2014-07-04","United Kingdom","315","1"
"2014-07-04","United States","850","4"
"2014-07-05","United Kingdom","337","4"
"2014-07-05","United States","859","1"
"2014-07-06","United Kingdom","429","5"
"2014-07-06","United States","915","3"
"2014-07-07","United Kingdom","441","3"
"2014-07-07","United States","1031","2"
"2014-07-08","United Kingdom","424","2"
"2014-07-08","United States","1173","8"
"2014-07-09","United Kingdom","407","1"
"2014-07-09","United States","1466","3"
"2014-07-10","United Kingdom","431","7"
"2014-07-10","United States","1374","4"
"2014-07-11","United Kingdom","354","3"
"2014-07-11","United States","1458","4"
"2014-07-12","United Kingdom","330","2"
"2014-07-12","United States","1134","5"
"2014-07-13","United Kingdom","410","2"
"2014-07-13","United States","1504","4"
"2014-07-14","United Kingdom","496","4"
"2014-07-14","United States","1736","4"
"2014-07-15","United Kingdom","412","4"
"2014-07-15","United States","1848","7"
"2014-07-16","United Kingdom","435","1"
"2014-07-16","United States","1882","4"
"2014-07-17","United Kingdom","487","1"
"2014-07-17","United States","1771","6"
"2014-07-18","United Kingdom","383","3"
"2014-07-18","United States","1430","10"
"2014-07-19","United Kingdom","323","3"
"2014-07-19","United States","833","4"
"2014-07-20","United Kingdom","410","1"
"2014-07-20","United States","852","1"
"2014-07-21","United Kingdom","522","6"
"2014-07-21","United States","1723","5"
"2014-07-22","United Kingdom","543","8"
"2014-07-22","United States","2182","12"
"2014-07-23","United Kingdom","547","6"
"2014-07-23","United States","2285","4"
"2014-07-24","United Kingdom","478","4"
"2014-07-24","United States","2492","5"
"2014-07-25","United Kingdom","447","8"
"2014-07-25","United States","2398","5"
"2014-07-26","United Kingdom","419","5"
"2014-07-26","United States","2623","3"
"2014-07-27","United Kingdom","720","4"
"2014-07-27","United States","2928","4"
"2014-07-28","United Kingdom","730","4"
"2014-07-28","United States","3032","3"
"2014-07-29","United Kingdom","648","8"
"2014-07-29","United States","2141","5"
"2014-07-30","United Kingdom","529","3"
"2014-07-30","United States","1116","7"
"2014-07-31","United Kingdom","673","3"
"2014-07-31","United States","688","11"
"2014-08-01","United Kingdom","530","8"
"2014-08-01","United States","595","8"
"2014-08-02","United Kingdom","785","7"
"2014-08-02","United States","698","3"
"2014-08-03","United Kingdom","626","4"
"2014-08-03","United States","680","1"
"2014-08-04","United Kingdom","775","3"
"2014-08-04","United States","769","8"
"2014-08-05","United Kingdom","679","4"
"2014-08-05","United States","708","2"
"2014-08-06","United Kingdom","657","4"
"2014-08-06","United States","973","5"
"2014-08-07","United States","1247","1"
"2014-08-08","United Kingdom","452","2"
"2014-08-08","United States","1218","6"
"2014-08-09","United Kingdom","409","3"
"2014-08-10","United Kingdom","533","3"
"2014-08-10","United States","972","1"
"2014-08-11","United Kingdom","673","9"
"2014-08-11","United States","1164","3"
"2014-08-12","United Kingdom","562","3"
"2014-08-12","United States","1168","5"
"2014-08-13","United Kingdom","546","2"
"2014-08-14","United Kingdom","507","3"
"2014-08-14","United States","1155","5"
"2014-08-15","United Kingdom","430","3"
"2014-08-15","United States","1117","5"
"2014-08-16","United Kingdom","421","1"
"2014-08-16","United States","1201","2"
"2014-08-17","United States","1352","1"
"2014-08-18","United Kingdom","767","4"
"2014-08-18","United States","1490","3"
"2014-08-19","United Kingdom","611","9"
"2014-08-19","United States","1509","8"
"2014-08-20","United Kingdom","556","5"
"2014-08-20","United States","1398","4"
"2014-08-21","United Kingdom","523","1"
"2014-08-21","United States","1343","7"
"2014-08-22","United Kingdom","469","3"
"2014-08-22","United States","1261","7"
"2014-08-23","United States","1128","3"
"2014-08-24","United States","1141","3"
"2014-08-25","United Kingdom","530","5"
"2014-08-25","United States","987","1"
"2014-08-26","United Kingdom","524","5"
"2014-08-26","United States","874","3"
"2014-08-27","United Kingdom","516","3"
"2014-08-27","United States","964","3"
"2014-08-28","United Kingdom","567","5"
"2014-08-28","United States","1329","4"
"2014-08-29","United States","1115","1"
"2014-08-30","United Kingdom","386","1"
"2014-08-30","United States","945","4"
"2014-08-31","United Kingdom","421","1"
"2014-08-31","United States","902","4"
"2014-09-01","United Kingdom","497","4"
"2014-09-01","United States","889","4"
"2014-09-02","United Kingdom","415","2"
"2014-09-02","United States","1025","3"
"2014-09-03","United Kingdom","466","4"
"2014-09-03","United States","887","4"
"2014-09-04","United Kingdom","450","3"
"2014-09-04","United States","884","1"
"2014-09-05","United States","809","8"
"2014-09-06","United Kingdom","361","2"
"2014-09-06","United States","726","2"
"2014-09-07","United Kingdom","461","2"
"2014-09-08","United Kingdom","483","5"
"2014-09-08","United States","878","1"
"2014-09-09","United Kingdom","484","2"
"2014-09-09","United States","862","3"
"2014-09-10","United Kingdom","458","5"
"2014-09-10","United States","820","4"
"2014-09-11","United Kingdom","411","3"
"2014-09-11","United States","909","3"
"2014-09-12","United Kingdom","342","2"
"2014-09-12","United States","820","1"
"2014-09-13","United Kingdom","318","2"
"2014-09-14","United Kingdom","498","4"
"2014-09-14","United States","778","2"
"2014-09-15","United States","932","4"
"2014-09-16","United Kingdom","477","2"
"2014-09-16","United States","904","1"
"2014-09-17","United Kingdom","485","3"
"2014-09-17","United States","938","5"
"2014-09-18","United Kingdom","388","2"
"2014-09-18","United States","935","2"
"2014-09-19","United Kingdom","352","3"
"2014-09-19","United States","821","2"
"2014-09-20","United Kingdom","382","3"
"2014-09-20","United States","747","2"
"2014-09-21","United Kingdom","400","1"
"2014-09-21","United States","681","4"
"2014-09-22","United Kingdom","485","6"
"2014-09-22","United States","835","3"
"2014-09-23","United Kingdom","466","1"
"2014-09-23","United States","883","2"
"2014-09-24","United Kingdom","435","4"
"2014-09-24","United States","922","2"
"2014-09-25","United Kingdom","931","2"
"2014-09-25","United States","1165","5"
"2014-09-26","United Kingdom","556","1"
"2014-09-26","United States","1032","4"
"2014-09-27","United Kingdom","443","3"
"2014-09-27","United States","826","4"
"2014-09-28","United Kingdom","458","2"
"2014-09-28","United States","914","1"
"2014-09-29","United Kingdom","522","3"
"2014-09-29","United States","997","2"
"2014-09-30","United Kingdom","499","3"
"2014-09-30","United States","1016","4"
"2014-10-01","United Kingdom","460","4"
"2014-10-02","United Kingdom","496","3"
"2014-10-02","United States","893","3"
"2014-10-03","United States","793","2"
"2014-10-04","United States","795","4"
"2014-10-05","United Kingdom","521","8"
"2014-10-05","United States","902","2"
"2014-10-06","United Kingdom","500","2"
"2014-10-06","United States","983","1"
"2014-10-07","United Kingdom","763","5"
"2014-10-07","United States","1170","1"
"2014-10-08","United Kingdom","458","3"
"2014-10-08","United States","845","3"
"2014-10-09","United Kingdom","516","2"
"2014-10-09","United States","758","1"
"2014-10-10","United Kingdom","422","2"
"2014-10-10","United States","893","1"
"2014-10-11","United Kingdom","393","1"
"2014-10-12","United Kingdom","571","3"
"2014-10-12","United States","875","1"
"2014-10-13","United Kingdom","679","3"
"2014-10-13","United States","1079","1"
"2014-10-14","United Kingdom","639","2"
"2014-10-14","United States","1412","2"
"2014-10-15","United Kingdom","504","5"
"2014-10-15","United States","1131","1"
"2014-10-16","United Kingdom","601","3"
"2014-10-16","United States","1024","8"
"2014-10-17","United Kingdom","462","2"
"2014-10-18","United Kingdom","490","3"
"2014-10-19","United Kingdom","578","4"
"2014-10-20","United Kingdom","636","6"
"2014-10-20","United States","1590","2"
"2014-10-21","United Kingdom","617","3"
"2014-10-21","United States","1517","5"
"2014-10-22","United Kingdom","565","3"
"2014-10-22","United States","1507","1"
"2014-10-23","United Kingdom","969","2"
"2014-10-23","United States","1504","2"
"2014-10-25","United Kingdom","524","2"
"2014-10-25","United States","1232","2"
"2014-10-26","United Kingdom","679","1"
"2014-10-26","United States","1456","3"
"2014-10-27","United Kingdom","1131","1"
"2014-10-27","United States","1718","2"
"2014-10-28","United Kingdom","796","8"
"2014-10-28","United States","1626","4"
"2014-10-29","United Kingdom","708","3"
"2014-10-29","United States","1471","1"
"2014-10-30","United States","1392","2"
"2014-10-31","United Kingdom","606","4"
"2014-10-31","United States","1389","5"
"2014-11-01","United States","1168","1"
"2014-11-02","United Kingdom","655","4"
"2014-11-02","United States","1255","1"
"2014-11-03","United Kingdom","639","1"
"2014-11-03","United States","1219","8"
"2014-11-04","United Kingdom","572","4"
"2014-11-04","United States","1164","3"
"2014-11-05","United Kingdom","500","1"
"2014-11-05","United States","1057","7"
"2014-11-06","United Kingdom","801","4"
"2014-11-06","United States","1195","2"
"2014-11-07","United Kingdom","520","1"
"2014-11-07","United States","895","4"
"2014-11-08","United Kingdom","634","2"
"2014-11-08","United States","893","2"
"2014-11-09","United Kingdom","624","3"
"2014-11-09","United States","1039","1"
"2014-11-10","United Kingdom","516","3"
"2014-11-10","United States","1078","2"
"2014-11-11","United Kingdom","555","4"
"2014-11-11","United States","1134","3"
"2014-11-12","United Kingdom","573","2"
"2014-11-12","United States","1137","2"
"2014-11-13","United Kingdom","536","2"
"2014-11-13","United States","1047","1"
"2014-11-14","United Kingdom","473","5"
"2014-11-14","United States","972","5"
"2014-11-15","United Kingdom","443","1"
"2014-11-15","United States","872","4"
"2014-11-16","United Kingdom","594","5"
"2014-11-16","United States","1202","2"
"2014-11-17","United Kingdom","497","2"
"2014-11-17","United States","1077","5"
"2014-11-18","United Kingdom","462","4"
"2014-11-18","United States","739","4"
"2014-11-19","United Kingdom","543","3"
"2014-11-19","United States","683","3"
"2014-11-20","United Kingdom","649","4"
"2014-11-20","United States","822","2"
"2014-11-21","United Kingdom","451","2"
"2014-11-21","United States","638","7"
"2014-11-22","United Kingdom","348","2"
"2014-11-22","United States","510","3"
"2014-11-23","United Kingdom","478","4"
"2014-11-23","United States","593","5"
"2014-11-24","United Kingdom","567","3"
"2014-11-24","United States","747","1"
"2014-11-25","United Kingdom","522","2"
"2014-11-25","United States","740","6"
"2014-11-26","United Kingdom","505","1"
"2014-11-26","United States","624","1"
"2014-11-27","United Kingdom","482","1"
"2014-11-27","United States","440","1"
"2014-11-28","United Kingdom","377","1"
"2014-11-28","United States","483","2"
"2014-11-29","United Kingdom","387","2"
"2014-11-29","United States","575","1"
"2014-11-30","United Kingdom","488","2"
"2014-11-30","United States","668","7"
"2014-12-01","United Kingdom","402","3"
"2014-12-01","United States","721","9"
"2014-12-02","United Kingdom","488","3"
"2014-12-02","United States","636","8"
"2014-12-03","United Kingdom","470","3"
"2014-12-03","United States","702","3"
"2014-12-04","United Kingdom","414","3"
"2014-12-04","United States","796","4"
"2014-12-05","United Kingdom","360","1"
"2014-12-05","United States","689","2"
"2014-12-06","United Kingdom","339","2"
"2014-12-07","United Kingdom","431","1"
"2014-12-07","United States","528","1"
"2014-12-08","United States","591","5"
"2014-12-09","United Kingdom","518","4"
"2014-12-09","United States","712","2"
"2014-12-10","United Kingdom","387","3"
"2014-12-10","United States","571","2"
"2014-12-11","United States","541","5"
"2014-12-12","United Kingdom","336","5"
"2014-12-12","United States","475","2"
"2014-12-13","United States","449","4"
"2014-12-14","United Kingdom","465","1"
"2014-12-14","United States","455","2"
"2014-12-15","United Kingdom","451","2"
"2014-12-15","United States","528","1"
"2014-12-16","United Kingdom","411","1"
"2014-12-16","United States","550","4"
"2014-12-17","United Kingdom","500","4"
"2014-12-17","United States","696","2"
"2014-12-18","United Kingdom","864","5"
"2014-12-18","United States","1101","2"
"2014-12-19","United States","838","1"
"2014-12-20","United States","558","1"
"2014-12-22","United Kingdom","418","1"
"2014-12-22","United States","675","1"
"2014-12-23","United Kingdom","411","5"
"2014-12-23","United States","643","1"
"2014-12-25","United Kingdom","229","1"
"2014-12-25","United States","447","2"
"2014-12-26","United States","700","3"
"2014-12-27","United Kingdom","502","2"
"2014-12-27","United States","805","3"
"2014-12-28","United Kingdom","578","4"
"2014-12-28","United States","871","5"
"2014-12-29","United Kingdom","635","1"
"2014-12-29","United States","964","4"
"2014-12-30","United Kingdom","577","3"
"2014-12-30","United States","1256","11"
"2014-12-31","United Kingdom","455","2"
"2014-12-31","United States","1026","4"
"2015-01-01","United Kingdom","804","2"
"2015-01-01","United States","867","2"
"2015-01-02","United Kingdom","992","2"
"2015-01-02","United States","1139","4"
"2015-01-03","United Kingdom","886","1"
"2015-01-03","United States","1165","2"
"2015-01-04","United States","1256","3"
"2015-01-05","United Kingdom","919","4"
"2015-01-05","United States","1402","3"
"2015-01-06","United Kingdom","1238","2"
"2015-01-06","United States","1451","5"
"2015-01-07","United Kingdom","1025","1"
"2015-01-07","United States","1426","8"
"2015-01-08","United Kingdom","760","2"
"2015-01-08","United States","1178","4"
"2015-01-09","United Kingdom","687","2"
"2015-01-09","United States","1018","4"
"2015-01-10","United Kingdom","768","3"
"2015-01-10","United States","976","2"
"2015-01-11","United Kingdom","915","1"
"2015-01-11","United States","1142","5"
"2015-01-12","United Kingdom","821","7"
"2015-01-12","United States","1209","9"
"2015-01-13","United Kingdom","869","3"
"2015-01-13","United States","1242","3"
"2015-01-14","United Kingdom","687","4"
"2015-01-14","United States","1154","9"
"2015-01-15","United Kingdom","710","3"
"2015-01-15","United States","1017","5"
"2015-01-16","United Kingdom","1784","5"
"2015-01-16","United States","2009","2"
"2015-01-17","United States","1221","3"
"2015-01-18","United Kingdom","989","4"
"2015-01-18","United States","1252","4"
"2015-01-19","United Kingdom","870","6"
"2015-01-19","United States","1339","6"
"2015-01-20","United Kingdom","856","3"
"2015-01-20","United States","1300","5"
"2015-01-21","United Kingdom","788","2"
"2015-01-21","United States","1272","2"
"2015-01-22","United Kingdom","1056","4"
"2015-01-22","United States","1500","5"
"2015-01-23","United States","1862","3"
"2015-01-24","United Kingdom","848","2"
"2015-01-24","United States","1444","4"
"2015-01-25","United Kingdom","1019","2"
"2015-01-25","United States","1294","3"
"2015-01-26","United Kingdom","989","2"
"2015-01-26","United States","1438","11"
"2015-01-27","United Kingdom","1053","1"
"2015-01-27","United States","1483","4"
"2015-01-28","United States","1403","1"
"2015-01-29","United Kingdom","888","3"
"2015-01-29","United States","1407","7"
"2015-01-30","United Kingdom","752","2"
"2015-01-30","United States","1250","4"
"2015-01-31","United Kingdom","751","4"
"2015-01-31","United States","1065","2"
"2015-02-01","United Kingdom","1030","4"
"2015-02-01","United States","1044","1"
"2015-02-02","United Kingdom","964","5"
"2015-02-02","United States","1091","3"
"2015-02-03","United Kingdom","801","4"
"2015-02-03","United States","1219","6"
"2015-02-04","United Kingdom","819","6"
"2015-02-04","United States","1289","2"
"2015-02-05","United Kingdom","688","1"
"2015-02-05","United States","1187","5"
"2015-02-06","United Kingdom","601","3"
"2015-02-06","United States","1022","3"
"2015-02-07","United Kingdom","692","3"
"2015-02-07","United States","995","1"
"2015-02-08","United Kingdom","800","3"
"2015-02-08","United States","1028","4"
"2015-02-09","United Kingdom","794","4"
"2015-02-09","United States","1199","2"
"2015-02-10","United Kingdom","733","8"
"2015-02-10","United States","1216","4"
"2015-02-11","United Kingdom","800","4"
"2015-02-11","United States","1091","4"
"2015-02-12","United States","1002","4"
"2015-02-13","United Kingdom","782","1"
"2015-02-13","United States","1254","5"
"2015-02-14","United States","1159","2"
"2015-02-15","United Kingdom","909","2"
"2015-02-15","United States","1252","3"
"2015-02-16","United Kingdom","1155","5"
"2015-02-16","United States","2039","5"
"2015-02-17","United Kingdom","1109","4"
"2015-02-17","United States","1964","2"
"2015-02-18","United Kingdom","1301","6"
"2015-02-18","United States","2565","3"
"2015-02-19","United Kingdom","1142","4"
"2015-02-19","United States","2319","4"
"2015-02-20","United Kingdom","1363","3"
"2015-02-20","United States","2392","2"
"2015-02-21","United Kingdom","945","3"
"2015-02-21","United States","1427","8"
"2015-02-22","United Kingdom","1067","1"
"2015-02-22","United States","1439","2"
"2015-02-23","United Kingdom","1036","2"
"2015-02-23","United States","1592","1"
"2015-02-24","United Kingdom","1130","2"
"2015-02-24","United States","1793","5"
"2015-02-25","United Kingdom","1054","2"
"2015-02-25","United States","1633","7"
"2015-02-26","United Kingdom","943","4"
"2015-02-26","United States","1317","2"
"2015-02-27","United Kingdom","780","5"
"2015-02-27","United States","1171","4"
"2015-02-28","United Kingdom","718","2"
"2015-02-28","United States","1083","5"
"2015-03-01","United Kingdom","1007","5"
"2015-03-01","United States","1331","9"
"2015-03-02","United Kingdom","1107","5"
"2015-03-02","United States","1454","3"
"2015-03-03","United Kingdom","893","3"
"2015-03-03","United States","1502","9"
"2015-03-04","United Kingdom","848","5"
"2015-03-04","United States","1311","5"
"2015-03-05","United Kingdom","782","3"
"2015-03-05","United States","1285","10"
"2015-03-06","United Kingdom","719","2"
"2015-03-06","United States","1224","6"
"2015-03-07","United States","589","2"
"2015-03-08","United Kingdom","738","3"
"2015-03-08","United States","904","2"
"2015-03-09","United Kingdom","771","3"
"2015-03-09","United States","1138","5"
"2015-03-10","United Kingdom","809","2"
"2015-03-10","United States","1210","3"
"2015-03-11","United Kingdom","1154","1"
"2015-03-11","United States","1902","6"
"2015-03-12","United Kingdom","1699","7"
"2015-03-12","United States","2862","9"
"2015-03-13","United Kingdom","1205","4"
"2015-03-13","United States","2823","6"
"2015-03-14","United Kingdom","928","1"
"2015-03-14","United States","1705","4"
"2015-03-15","United Kingdom","962","1"
"2015-03-15","United States","1448","3"
"2015-03-16","United Kingdom","1515","2"
"2015-03-16","United States","1920","6"
"2015-03-17","United Kingdom","1256","4"
"2015-03-17","United States","1913","4"
"2015-03-18","United Kingdom","1284","2"
"2015-03-18","United States","1790","3"
"2015-03-19","United Kingdom","1042","1"
"2015-03-19","United States","1623","7"
"2015-03-20","United Kingdom","949","4"
"2015-03-20","United States","1476","4"
"2015-03-21","United Kingdom","792","2"
"2015-03-21","United States","1429","5"
"2015-03-22","United Kingdom","976","2"
"2015-03-22","United States","1457","5"
"2015-03-23","United Kingdom","992","3"
"2015-03-23","United States","1479","9"
"2015-03-24","United Kingdom","948","3"
"2015-03-24","United States","1575","2"
"2015-03-25","United Kingdom","825","2"
"2015-03-25","United States","1426","9"
"2015-03-26","United Kingdom","811","3"
"2015-03-26","United States","1424","3"
"2015-03-27","United Kingdom","800","1"
"2015-03-27","United States","1222","3"
"2015-03-28","United States","931","4"
"2015-03-29","United Kingdom","810","3"
"2015-03-29","United States","924","3"
"2015-03-30","United Kingdom","884","6"
"2015-03-30","United States","1083","6"
"2015-03-31","United Kingdom","847","5"
"2015-03-31","United States","1075","8"
"2015-04-01","United Kingdom","884","1"
"2015-04-01","United States","995","2"
"2015-04-02","United Kingdom","652","2"
"2015-04-02","United States","936","5"
"2015-04-03","United Kingdom","622","4"
"2015-04-03","United States","796","4"
"2015-04-04","United Kingdom","546","4"
"2015-04-04","United States","687","2"
"2015-04-05","United Kingdom","634","1"
"2015-04-05","United States","670","1"
"2015-04-06","United Kingdom","676","1"
"2015-04-06","United States","986","4"
"2015-04-07","United Kingdom","710","2"
"2015-04-07","United States","955","5"
"2015-04-08","United Kingdom","762","3"
"2015-04-08","United States","963","7"
"2015-04-09","United Kingdom","706","4"
"2015-04-09","United States","882","4"
"2015-04-10","United Kingdom","766","3"
"2015-04-10","United States","981","4"
"2015-04-11","United Kingdom","727","1"
"2015-04-11","United States","830","5"
"2015-04-12","United Kingdom","903","7"
"2015-04-12","United States","894","2"
"2015-04-13","United Kingdom","1047","6"
"2015-04-13","United States","1242","9"
"2015-04-14","United Kingdom","1478","4"
"2015-04-14","United States","1190","9"
"2015-04-15","United Kingdom","1154","2"
"2015-04-15","United States","1263","7"
"2015-04-16","United Kingdom","1250","3"
"2015-04-16","United States","1596","1"
"2015-04-17","United Kingdom","1158","3"
"2015-04-17","United States","1695","6"
"2015-04-18","United Kingdom","1142","4"
"2015-04-18","United States","1287","1"
"2015-04-19","United Kingdom","1169","1"
"2015-04-19","United States","1157","3"
"2015-04-20","United Kingdom","1018","2"
"2015-04-20","United States","1323","7"
"2015-04-21","United Kingdom","1062","1"
"2015-04-21","United States","1845","4"
"2015-04-22","United Kingdom","1123","1"
"2015-04-22","United States","1410","4"
"2015-04-23","United States","1262","2"
"2015-04-24","United Kingdom","930","5"
"2015-04-24","United States","1155","1"
"2015-04-25","United Kingdom","958","2"
"2015-04-25","United States","1028","3"
"2015-04-26","United Kingdom","1288","1"
"2015-04-26","United States","1181","1"
"2015-04-27","United Kingdom","1389","5"
"2015-04-27","United States","1435","7"
"2015-04-28","United Kingdom","1299","1"
"2015-04-28","United States","1222","9"
"2015-04-29","United Kingdom","941","6"
"2015-04-29","United States","1181","9"
"2015-04-30","United Kingdom","1306","9"
"2015-04-30","United States","1082","13"
"2015-05-01","United Kingdom","1007","4"
"2015-05-01","United States","1022","6"
"2015-05-02","United Kingdom","790","3"
"2015-05-02","United States","829","7"
"2015-05-03","United Kingdom","1021","6"
"2015-05-03","United States","865","4"
"2015-05-04","United Kingdom","1022","7"
"2015-05-04","United States","1109","7"
"2015-05-05","United Kingdom","1177","3"
"2015-05-05","United States","1157","5"
"2015-05-06","United Kingdom","1501","12"
"2015-05-06","United States","1240","6"
"2015-05-07","United Kingdom","1730","6"
"2015-05-07","United States","1926","8"
"2015-05-08","United Kingdom","1467","3"
"2015-05-08","United States","2019","6"
"2015-05-09","United Kingdom","1157","3"
"2015-05-09","United States","1370","3"
"2015-05-10","United Kingdom","1163","3"
"2015-05-10","United States","1151","3"
"2015-05-11","United Kingdom","1235","9"
"2015-05-11","United States","1679","6"
"2015-05-12","United Kingdom","1220","5"
"2015-05-12","United States","1771","12"
"2015-05-13","United Kingdom","1055","4"
"2015-05-13","United States","1735","11"
"2015-05-14","United Kingdom","1055","4"
"2015-05-14","United States","1488","6"
"2015-05-15","United Kingdom","945","7"
"2015-05-15","United States","1313","2"
"2015-05-16","United Kingdom","780","3"
"2015-05-16","United States","1102","8"
"2015-05-17","United Kingdom","1064","4"
"2015-05-17","United States","1048","5"
"2015-05-18","United Kingdom","1036","3"
"2015-05-18","United States","1353","10"
"2015-05-19","United Kingdom","1192","5"
"2015-05-19","United States","1540","6"
"2015-05-20","United Kingdom","927","1"
"2015-05-20","United States","1371","5"
"2015-05-21","United Kingdom","903","1"
"2015-05-21","United States","1194","6"
"2015-05-22","United Kingdom","733","3"
"2015-05-22","United States","1027","6"
"2015-05-23","United Kingdom","655","4"
"2015-05-23","United States","874","5"
"2015-05-24","United Kingdom","821","2"
"2015-05-24","United States","921","8"
"2015-05-25","United Kingdom","991","5"
"2015-05-25","United States","1133","9"
"2015-05-26","United Kingdom","1184","3"
"2015-05-26","United States","1286","7"
"2015-05-27","United Kingdom","905","1"
"2015-05-27","United States","1125","11"
"2015-05-28","United Kingdom","849","3"
"2015-05-28","United States","952","9"
"2015-05-29","United Kingdom","769","3"
"2015-05-29","United States","844","12"
"2015-05-30","United Kingdom","584","1"
"2015-05-30","United States","695","4"
"2015-05-31","United Kingdom","754","7"
"2015-05-31","United States","722","9"
"2015-06-01","United Kingdom","743","3"
"2015-06-01","United States","980","10"
"2015-06-02","United Kingdom","738","3"
"2015-06-02","United States","971","10"
"2015-06-03","United Kingdom","748","8"
"2015-06-03","United States","1034","9"
"2015-06-04","United Kingdom","706","1"
"2015-06-04","United States","916","11"
"2015-06-05","United Kingdom","933","3"
"2015-06-05","United States","1193","5"
"2015-06-06","United Kingdom","763","2"
"2015-06-06","United States","1093","11"
"2015-06-07","United Kingdom","845","2"
"2015-06-07","United States","1063","9"
"2015-06-08","United Kingdom","988","8"
"2015-06-08","United States","1178","4"
"2015-06-09","United Kingdom","856","3"
"2015-06-09","United States","1191","8"
"2015-06-10","United Kingdom","815","4"
"2015-06-10","United States","1268","7"
"2015-06-11","United Kingdom","814","3"
"2015-06-11","United States","1072","5"
"2015-06-12","United Kingdom","762","2"
"2015-06-12","United States","1145","4"
"2015-06-13","United Kingdom","751","3"
"2015-06-13","United States","972","8"
"2015-06-14","United Kingdom","878","5"
"2015-06-14","United States","1011","12"
"2015-06-15","United Kingdom","899","8"
"2015-06-15","United States","1223","4"
"2015-06-16","United Kingdom","861","13"
"2015-06-16","United States","1256","11"
"2015-06-17","United Kingdom","895","4"
"2015-06-17","United States","1226","9"
"2015-06-18","United Kingdom","894","4"
"2015-06-18","United States","1223","10"
"2015-06-19","United Kingdom","826","5"
"2015-06-19","United States","1092","10"
"2015-06-20","United Kingdom","779","8"
"2015-06-20","United States","936","9"
"2015-06-21","United Kingdom","913","6"
"2015-06-21","United States","1130","3"
"2015-06-22","United Kingdom","1121","13"
"2015-06-22","United States","1417","12"
"2015-06-23","United Kingdom","1067","5"
"2015-06-23","United States","1436","2"
"2015-06-24","United Kingdom","1002","2"
"2015-06-24","United States","1254","5"
"2015-06-25","United Kingdom","1051","9"
"2015-06-25","United States","1279","10"
"2015-06-26","United Kingdom","1013","4"
"2015-06-26","United States","1138","6"
"2015-06-27","United Kingdom","885","7"
"2015-06-27","United States","1059","10"
"2015-06-28","United Kingdom","1013","6"
"2015-06-28","United States","1111","9"
"2015-06-29","United Kingdom","1053","7"
"2015-06-29","United States","1370","6"
"2015-06-30","United Kingdom","955","7"
"2015-06-30","United States","1423","12"
"2015-07-01","United Kingdom","940","7"
"2015-07-01","United States","1354","8"
"2015-07-02","United Kingdom","775","6"
"2015-07-02","United States","1388","7"
"2015-07-03","United Kingdom","983","6"
"2015-07-03","United States","1236","9"
"2015-07-04","United Kingdom","1067","7"
"2015-07-04","United States","1393","9"
"2015-07-05","United Kingdom","1229","6"
"2015-07-05","United States","1424","8"
"2015-07-06","United Kingdom","1472","14"
"2015-07-06","United States","1869","9"
"2015-07-07","United Kingdom","1315","10"
"2015-07-07","United States","1996","11"
"2015-07-08","United Kingdom","1589","14"
"2015-07-08","United States","2434","10"
"2015-07-09","United Kingdom","1414","6"
"2015-07-09","United States","2584","11"
"2015-07-10","United Kingdom","1159","6"
"2015-07-10","United States","2106","11"
"2015-07-11","United Kingdom","1102","3"
"2015-07-11","United States","1781","3"
"2015-07-12","United Kingdom","1400","6"
"2015-07-12","United States","1820","1"
"2015-07-13","United Kingdom","1803","4"
"2015-07-13","United States","2215","12"
"2015-07-14","United Kingdom","1802","7"
"2015-07-14","United States","2327","8"
"2015-07-15","United Kingdom","1638","9"
"2015-07-15","United States","2537","13"
"2015-07-16","United Kingdom","1455","3"
"2015-07-16","United States","2144","8"
"2015-07-17","United States","1779","6"
"2015-07-18","United Kingdom","1134","6"
"2015-07-18","United States","1583","7"
"2015-07-19","United Kingdom","1444","7"
"2015-07-19","United States","1954","10"
"2015-07-20","United Kingdom","1675","6"
"2015-07-20","United States","2330","7"
"2015-07-21","United Kingdom","1424","10"
"2015-07-21","United States","1938","5"
"2015-07-22","United Kingdom","1499","4"
"2015-07-22","United States","1872","6"
"2015-07-23","United Kingdom","1385","8"
"2015-07-23","United States","1700","5"
"2015-07-24","United Kingdom","1403","5"
"2015-07-24","United States","1654","5"
"2015-07-25","United Kingdom","1070","5"
"2015-07-25","United States","1509","5"
"2015-07-26","United Kingdom","1551","5"
"2015-07-26","United States","1452","7"
"2015-07-27","United Kingdom","1684","11"
"2015-07-27","United States","2087","10"
"2015-07-28","United Kingdom","1518","8"
"2015-07-28","United States","2240","9"
"2015-07-29","United Kingdom","1321","15"
"2015-07-29","United States","1886","17"
"2015-07-30","United Kingdom","1139","13"
"2015-07-30","United States","1561","11"
"2015-07-31","United Kingdom","1000","4"
"2015-07-31","United States","1361","13"
"2015-08-01","United Kingdom","999","4"
"2015-08-01","United States","1129","11"
"2015-08-02","United Kingdom","1113","3"
"2015-08-02","United States","1174","9"
"2015-08-03","United Kingdom","1298","5"
"2015-08-03","United States","1523","10"
"2015-08-04","United Kingdom","1305","10"
"2015-08-04","United States","1435","5"
"2015-08-05","United Kingdom","1169","7"
"2015-08-05","United States","1351","11"
"2015-08-06","United Kingdom","1250","8"
"2015-08-06","United States","1526","12"
"2015-08-07","United Kingdom","1295","5"
"2015-08-07","United States","1653","4"
"2015-08-08","United Kingdom","911","6"
"2015-08-08","United States","1277","12"
"2015-08-09","United Kingdom","1126","7"
"2015-08-09","United States","1193","5"
"2015-08-10","United Kingdom","1315","11"
"2015-08-10","United States","1428","9"
"2015-08-11","United Kingdom","1267","16"
"2015-08-11","United States","1538","13"
"2015-08-12","United Kingdom","1181","6"
"2015-08-12","United States","1418","6"
"2015-08-13","United Kingdom","1002","8"
"2015-08-13","United States","1410","8"
"2015-08-14","United Kingdom","1032","3"
"2015-08-14","United States","1391","9"
"2015-08-15","United Kingdom","909","5"
"2015-08-15","United States","1138","3"
"2015-08-16","United Kingdom","1093","4"
"2015-08-16","United States","1172","9"
"2015-08-17","United Kingdom","1201","2"
"2015-08-17","United States","1505","17"
"2015-08-18","United Kingdom","1152","13"
"2015-08-18","United States","1533","15"
"2015-08-19","United Kingdom","1074","3"
"2015-08-19","United States","1389","6"
"2015-08-20","United Kingdom","1085","9"
"2015-08-20","United States","1286","7"
"2015-08-21","United Kingdom","944","5"
"2015-08-21","United States","1272","10"
"2015-08-22","United Kingdom","850","3"
"2015-08-22","United States","1063","6"
"2015-08-23","United Kingdom","1069","6"
"2015-08-23","United States","1253","7"
"2015-08-24","United Kingdom","1269","3"
"2015-08-24","United States","1359","9"
"2015-08-25","United Kingdom","1213","12"
"2015-08-25","United States","1508","11"
"2015-08-26","United Kingdom","1034","6"
"2015-08-26","United States","1507","10"
"2015-08-27","United Kingdom","977","6"
"2015-08-27","United States","1353","8"
"2015-08-28","United Kingdom","879","4"
"2015-08-28","United States","1249","5"
"2015-08-29","United Kingdom","745","2"
"2015-08-29","United States","1007","6"
"2015-08-30","United Kingdom","857","2"
"2015-08-30","United States","1113","2"
"2015-08-31","United Kingdom","1018","8"
"2015-08-31","United States","1422","16"
"2015-09-01","United Kingdom","935","5"
"2015-09-01","United States","1324","11"
"2015-09-02","United Kingdom","1087","3"
"2015-09-02","United States","1366","11"
"2015-09-03","United Kingdom","1261","7"
"2015-09-03","United States","1497","8"
"2015-09-04","United Kingdom","1077","4"
"2015-09-04","United States","1488","6"
"2015-09-05","United Kingdom","850","2"
"2015-09-05","United States","1102","3"
"2015-09-06","United Kingdom","960","7"
"2015-09-06","United States","1300","9"
"2015-09-07","United Kingdom","1066","4"
"2015-09-07","United States","1367","2"
"2015-09-08","United Kingdom","1103","6"
"2015-09-08","United States","1528","6"
"2015-09-09","United Kingdom","1047","3"
"2015-09-09","United States","1758","10"
"2015-09-10","United Kingdom","971","3"
"2015-09-10","United States","1516","9"
"2015-09-11","United Kingdom","860","3"
"2015-09-11","United States","1200","8"
"2015-09-12","United Kingdom","774","2"
"2015-09-12","United States","1073","6"
"2015-09-13","United Kingdom","949","3"
"2015-09-13","United States","1209","8"
"2015-09-14","United Kingdom","1119","4"
"2015-09-14","United States","1358","17"
"2015-09-15","United Kingdom","1009","4"
"2015-09-15","United States","1612","11"
"2015-09-16","United Kingdom","1016","2"
"2015-09-16","United States","1633","7"
"2015-09-17","United Kingdom","903","1"
"2015-09-17","United States","1506","6"
"2015-09-18","United Kingdom","858","3"
"2015-09-18","United States","1365","3"
"2015-09-19","United Kingdom","704","1"
"2015-09-20","United Kingdom","974","9"
"2015-09-20","United States","1128","7"
"2015-09-21","United Kingdom","950","5"
"2015-09-21","United States","1691","7"
"2015-09-22","United Kingdom","930","5"
"2015-09-22","United States","1612","10"
"2015-09-23","United Kingdom","956","6"
"2015-09-23","United States","1362","8"
"2015-09-24","United Kingdom","922","2"
"2015-09-24","United States","1267","9"
"2015-09-25","United Kingdom","980","2"
"2015-09-25","United States","1209","7"
"2015-09-26","United Kingdom","739","5"
"2015-09-26","United States","956","2"
"2015-09-27","United Kingdom","963","2"
"2015-09-27","United States","1194","5"
"2015-09-28","United Kingdom","978","4"
"2015-09-28","United States","1561","8"
"2015-09-29","United Kingdom","1011","4"
"2015-09-29","United States","1594","9"
"2015-09-30","United Kingdom","918","3"
"2015-09-30","United States","1400","11"
"2015-10-01","United Kingdom","784","4"
"2015-10-01","United States","1251","10"
"2015-10-02","United Kingdom","829","2"
"2015-10-02","United States","1246","7"
"2015-10-03","United Kingdom","820","1"
"2015-10-03","United States","898","5"
"2015-10-04","United Kingdom","940","6"
"2015-10-04","United States","1033","7"
"2015-10-05","United Kingdom","1048","5"
"2015-10-05","United States","1276","5"
"2015-10-06","United Kingdom","972","8"
"2015-10-06","United States","1292","8"
"2015-10-07","United Kingdom","923","2"
"2015-10-07","United States","1259","9"
"2015-10-08","United Kingdom","1002","5"
"2015-10-08","United States","1164","4"
"2015-10-09","United Kingdom","918","3"
"2015-10-09","United States","1239","10"
"2015-10-10","United Kingdom","861","5"
"2015-10-10","United States","892","5"
"2015-10-11","United Kingdom","1130","7"
"2015-10-11","United States","1103","9"
"2015-10-12","United Kingdom","1128","3"
"2015-10-12","United States","1360","13"
"2015-10-13","United Kingdom","1055","5"
"2015-10-13","United States","1361","10"
"2015-10-14","United Kingdom","1103","5"
"2015-10-14","United States","1377","4"
"2015-10-15","United Kingdom","946","2"
"2015-10-15","United States","1351","6"
"2015-10-16","United Kingdom","744","4"
"2015-10-16","United States","1214","4"
"2015-10-17","United Kingdom","702","5"
"2015-10-17","United States","966","6"
"2015-10-18","United Kingdom","871","3"
"2015-10-18","United States","1129","9"
"2015-10-19","United Kingdom","867","3"
"2015-10-19","United States","1363","10"
"2015-10-20","United Kingdom","873","5"
"2015-10-20","United States","1502","14"
"2015-10-21","United Kingdom","830","6"
"2015-10-21","United States","1390","7"
"2015-10-22","United Kingdom","867","3"
"2015-10-22","United States","1355","8"
"2015-10-23","United Kingdom","795","5"
"2015-10-23","United States","1370","4"
"2015-10-24","United Kingdom","619","3"
"2015-10-24","United States","1168","5"
"2015-10-25","United States","1197","3"
"2015-10-26","United Kingdom","919","3"
"2015-10-26","United States","1501","14"
"2015-10-27","United Kingdom","874","5"
"2015-10-27","United States","1685","10"
"2015-10-28","United Kingdom","911","6"
"2015-10-28","United States","1451","14"
"2015-10-29","United Kingdom","860","4"
"2015-10-29","United States","1468","5"
"2015-10-30","United Kingdom","717","4"
"2015-10-30","United States","1337","7"
"2015-10-31","United Kingdom","628","4"
"2015-10-31","United States","1070","9"
"2015-11-01","United Kingdom","798","4"
"2015-11-01","United States","1185","6"
"2015-11-02","United Kingdom","1051","8"
"2015-11-02","United States","1730","16"
"2015-11-03","United Kingdom","1004","11"
"2015-11-03","United States","1514","18"
"2015-11-04","United Kingdom","1112","8"
"2015-11-04","United States","1362","12"
"2015-11-05","United Kingdom","910","1"
"2015-11-05","United States","1433","15"
"2015-11-06","United Kingdom","874","3"
"2015-11-06","United States","1492","9"
"2015-11-07","United Kingdom","833","2"
"2015-11-07","United States","1540","5"
"2015-11-08","United Kingdom","917","7"
"2015-11-08","United States","1343","14"
"2015-11-09","United Kingdom","1036","7"
"2015-11-09","United States","1585","11"
"2015-11-10","United Kingdom","942","8"
"2015-11-10","United States","1843","14"
"2015-11-11","United Kingdom","964","4"
"2015-11-11","United States","2028","8"
"2015-11-12","United Kingdom","983","8"
"2015-11-12","United States","1544","6"
"2015-11-13","United Kingdom","891","3"
"2015-11-13","United States","1559","4"
"2015-11-14","United Kingdom","788","6"
"2015-11-14","United States","1025","3"
"2015-11-15","United Kingdom","1029","3"
"2015-11-15","United States","1098","9"
"2015-11-16","United Kingdom","1235","5"
"2015-11-16","United States","1468","12"
"2015-11-17","United Kingdom","1186","3"
"2015-11-17","United States","1386","5"
"2015-11-18","United Kingdom","977","1"
"2015-11-18","United States","1381","10"
"2015-11-19","United Kingdom","1010","3"
"2015-11-19","United States","1467","8"
"2015-11-20","United States","1396","8"
"2015-11-21","United Kingdom","781","1"
"2015-11-21","United States","1046","6"
"2015-11-22","United States","1039","3"
"2015-11-23","United Kingdom","1060","5"
"2015-11-23","United States","1269","7"
"2015-11-24","United Kingdom","993","5"
"2015-11-24","United States","1378","10"
"2015-11-25","United Kingdom","991","4"
"2015-11-25","United States","1152","5"
"2015-11-26","United States","896","4"
"2015-11-27","United Kingdom","835","8"
"2015-11-27","United States","1089","10"
"2015-11-28","United Kingdom","759","5"
"2015-11-28","United States","1104","6"
"2015-11-29","United Kingdom","1002","10"
"2015-11-29","United States","1325","9"
"2015-11-30","United Kingdom","1052","8"
"2015-11-30","United States","1560","15"
"2015-12-01","United Kingdom","911","4"
"2015-12-01","United States","1454","13"
"2015-12-02","United Kingdom","898","4"
"2015-12-02","United States","1408","7"
"2015-12-03","United Kingdom","803","9"
"2015-12-03","United States","1287","8"
"2015-12-04","United Kingdom","780","1"
"2015-12-04","United States","1104","4"
"2015-12-05","United Kingdom","630","3"
"2015-12-05","United States","856","3"
"2015-12-06","United Kingdom","935","4"
"2015-12-06","United States","960","5"
"2015-12-07","United Kingdom","954","2"
"2015-12-07","United States","1254","7"
"2015-12-08","United Kingdom","771","5"
"2015-12-08","United States","1334","6"
"2015-12-09","United Kingdom","782","7"
"2015-12-09","United States","1146","7"
"2015-12-10","United Kingdom","989","4"
"2015-12-10","United States","1774","6"
"2015-12-11","United Kingdom","1129","6"
"2015-12-11","United States","2766","9"
"2015-12-12","United Kingdom","830","4"
"2015-12-12","United States","1715","3"
"2015-12-13","United Kingdom","933","1"
"2015-12-13","United States","1522","2"
"2015-12-14","United Kingdom","968","7"
"2015-12-14","United States","1804","9"
"2015-12-15","United Kingdom","993","2"
"2015-12-15","United States","1678","6"
"2015-12-16","United Kingdom","850","1"
"2015-12-16","United States","1643","11"
"2015-12-17","United Kingdom","867","5"
"2015-12-17","United States","1455","2"
"2015-12-18","United Kingdom","649","2"
"2015-12-18","United States","1439","10"
"2015-12-19","United Kingdom","700","1"
"2015-12-19","United States","1035","6"
"2015-12-20","United Kingdom","786","4"
"2015-12-20","United States","1124","2"
"2015-12-21","United Kingdom","892","1"
"2015-12-21","United States","1487","7"
"2015-12-22","United Kingdom","856","2"
"2015-12-22","United States","1490","4"
"2015-12-23","United Kingdom","726","7"
"2015-12-23","United States","1313","11"
"2015-12-24","United Kingdom","665","1"
"2015-12-24","United States","1032","5"
"2015-12-25","United Kingdom","632","1"
"2015-12-25","United States","1006","3"
"2015-12-26","United Kingdom","1012","4"
"2015-12-26","United States","1318","3"
"2015-12-27","United Kingdom","1063","4"
"2015-12-27","United States","1523","5"
"2015-12-28","United Kingdom","1348","5"
"2015-12-28","United States","1976","5"
"2015-12-29","United Kingdom","1396","3"
"2015-12-29","United States","2116","4"
"2015-12-30","United Kingdom","1475","3"
"2015-12-30","United States","1713","15"
"2015-12-31","United Kingdom","997","9"
"2015-12-31","United States","1419","5"
"2016-01-01","United Kingdom","1051","1"
"2016-01-01","United States","1374","8"
"2016-01-02","United Kingdom","1570","7"
"2016-01-02","United States","1876","7"
"2016-01-03","United Kingdom","1985","5"
"2016-01-03","United States","1928","4"
"2016-01-04","United Kingdom","1736","15"
"2016-01-04","United States","2425","8"
"2016-01-05","United Kingdom","1756","4"
"2016-01-05","United States","2440","12"
"2016-01-06","United Kingdom","1760","8"
"2016-01-06","United States","2466","9"
"2016-01-07","United Kingdom","1646","7"
"2016-01-07","United States","2391","16"
"2016-01-08","United Kingdom","1394","6"
"2016-01-08","United States","1846","8"
"2016-01-09","United Kingdom","1429","1"
"2016-01-09","United States","1767","6"
"2016-01-10","United Kingdom","1583","5"
"2016-01-10","United States","1837","4"
"2016-01-11","United Kingdom","1674","4"
"2016-01-11","United States","2212","9"
"2016-01-12","United Kingdom","1490","4"
"2016-01-12","United States","2048","4"
"2016-01-13","United Kingdom","1590","7"
"2016-01-13","United States","1909","13"
"2016-01-14","United Kingdom","1380","8"
"2016-01-14","United States","1784","10"
"2016-01-15","United Kingdom","1131","3"
"2016-01-15","United States","1598","10"
"2016-01-16","United Kingdom","1104","2"
"2016-01-16","United States","1424","15"
"2016-01-17","United Kingdom","1512","5"
"2016-01-17","United States","1732","8"
"2016-01-18","United Kingdom","1411","2"
"2016-01-18","United States","1822","7"
"2016-01-19","United Kingdom","1340","4"
"2016-01-19","United States","1993","11"
"2016-01-20","United Kingdom","1754","3"
"2016-01-20","United States","2336","15"
"2016-01-21","United Kingdom","1855","10"
"2016-01-21","United States","2651","10"
"2016-01-22","United Kingdom","1683","5"
"2016-01-22","United States","3071","7"
"2016-01-23","United Kingdom","1738","12"
"2016-01-23","United States","2718","18"
"2016-01-24","United Kingdom","2071","9"
"2016-01-24","United States","2392","13"
"2016-01-25","United Kingdom","1835","13"
"2016-01-25","United States","2597","20"
"2016-01-26","United Kingdom","1840","10"
"2016-01-26","United States","2421","9"
"2016-01-27","United Kingdom","1716","12"
"2016-01-27","United States","2536","15"
"2016-01-28","United Kingdom","1727","10"
"2016-01-28","United States","2117","11"
"2016-01-29","United Kingdom","1405","6"
"2016-01-29","United States","2041","11"
"2016-01-30","United Kingdom","1215","4"
"2016-01-30","United States","1592","6"
"2016-01-31","United Kingdom","1625","7"
"2016-01-31","United States","1839","8"
"2016-02-01","United Kingdom","1577","10"
"2016-02-01","United States","2271","10"
"2016-02-02","United Kingdom","1412","5"
"2016-02-02","United States","2062","6"
"2016-02-03","United Kingdom","1754","13"
"2016-02-03","United States","2120","19"
"2016-02-04","United Kingdom","1541","11"
"2016-02-04","United States","2004","14"
"2016-02-05","United Kingdom","1279","9"
"2016-02-05","United States","1848","13"
"2016-02-06","United Kingdom","1464","5"
"2016-02-06","United States","1741","4"
"2016-02-07","United Kingdom","1837","1"
"2016-02-07","United States","2170","8"
"2016-02-08","United Kingdom","1582","7"
"2016-02-08","United States","2002","7"
"2016-02-09","United Kingdom","1377","10"
"2016-02-09","United States","2344","13"
"2016-02-10","United Kingdom","1234","11"
"2016-02-10","United States","2497","11"
"2016-02-11","United Kingdom","1259","4"
"2016-02-11","United States","1979","7"
"2016-02-12","United Kingdom","1117","8"
"2016-02-12","United States","1701","7"
"2016-02-13","United Kingdom","1119","3"
"2016-02-13","United States","1545","16"
"2016-02-14","United Kingdom","1246","7"
"2016-02-14","United States","1590","7"
"2016-02-15","United Kingdom","1479","6"
"2016-02-15","United States","1925","8"
"2016-02-16","United Kingdom","1377","12"
"2016-02-16","United States","2092","7"
"2016-02-17","United Kingdom","1882","11"
"2016-02-17","United States","2170","10"
"2016-02-18","United Kingdom","1867","6"
"2016-02-18","United States","2234","7"
"2016-02-19","United Kingdom","1800","3"
"2016-02-19","United States","2138","10"
"2016-02-20","United Kingdom","1858","5"
"2016-02-20","United States","1907","12"
"2016-02-21","United Kingdom","2282","5"
"2016-02-21","United States","2350","12"
"2016-02-22","United Kingdom","1996","7"
"2016-02-22","United States","2855","8"
"2016-02-23","United Kingdom","2103","5"
"2016-02-23","United States","3295","10"
"2016-02-24","United Kingdom","1959","7"
"2016-02-24","United States","3073","11"
"2016-02-25","United Kingdom","1796","6"
"2016-02-25","United States","2704","16"
"2016-02-26","United Kingdom","1809","6"
"2016-02-26","United States","2207","7"
"2016-02-27","United Kingdom","1794","5"
"2016-02-27","United States","1827","4"
"2016-02-28","United Kingdom","2150","10"
"2016-02-28","United States","1982","7"
"2016-02-29","United Kingdom","1954","19"
"2016-02-29","United States","2380","20"
"2016-03-01","United Kingdom","2153","10"
"2016-03-01","United States","3335","11"
"2016-03-02","United Kingdom","2326","11"
"2016-03-02","United States","3185","11"
"2016-03-03","United Kingdom","1783","7"
"2016-03-03","United States","2546","7"
"2016-03-04","United Kingdom","1528","10"
"2016-03-04","United States","2153","10"
"2016-03-05","United Kingdom","1407","8"
"2016-03-05","United States","2005","8"
"2016-03-06","United Kingdom","1808","7"
"2016-03-06","United States","2174","7"
"2016-03-07","United Kingdom","2200","7"
"2016-03-07","United States","2506","12"
"2016-03-08","United Kingdom","1948","5"
"2016-03-08","United States","2713","16"
"2016-03-09","United Kingdom","1882","12"
"2016-03-09","United States","2805","10"
"2016-03-10","United Kingdom","1800","5"
"2016-03-10","United States","2572","15"
"2016-03-11","United Kingdom","1688","5"
"2016-03-11","United States","1964","11"
"2016-03-12","United Kingdom","1812","11"
"2016-03-12","United States","2035","2"
"2016-03-13","United Kingdom","1883","7"
"2016-03-13","United States","1966","6"
"2016-03-14","United Kingdom","1724","4"
"2016-03-14","United States","2346","12"
"2016-03-15","United Kingdom","1841","9"
"2016-03-15","United States","2260","16"
"2016-03-16","United Kingdom","1717","8"
"2016-03-16","United States","2121","11"
"2016-03-17","United Kingdom","1391","5"
"2016-03-17","United States","1984","9"
"2016-03-18","United Kingdom","1184","6"
"2016-03-18","United States","1754","15"
"2016-03-19","United Kingdom","1194","7"
"2016-03-19","United States","1594","6"
"2016-03-20","United Kingdom","1509","9"
"2016-03-20","United States","1867","5"
"2016-03-21","United Kingdom","1484","8"
"2016-03-21","United States","2040","13"
"2016-03-22","United Kingdom","1394","12"
"2016-03-22","United States","2022","20"
"2016-03-23","United Kingdom","1435","11"
"2016-03-23","United States","2388","10"
"2016-03-24","United Kingdom","1292","2"
"2016-03-24","United States","2658","6"
"2016-03-25","United Kingdom","1898","2"
"2016-03-25","United States","2472","16"
"2016-03-26","United Kingdom","1914","2"
"2016-03-26","United States","2723","10"
"2016-03-27","United Kingdom","2021","6"
"2016-03-27","United States","3220","5"
"2016-03-28","United Kingdom","2360","9"
"2016-03-28","United States","3891","20"
"2016-03-29","United Kingdom","2460","7"
"2016-03-29","United States","3906","11"
"2016-03-30","United Kingdom","2199","16"
"2016-03-30","United States","3147","10"
"2016-03-31","United Kingdom","1745","9"
"2016-03-31","United States","2953","17"
"2016-04-01","United Kingdom","1568","9"
"2016-04-01","United States","2981","3"
"2016-04-02","United Kingdom","1520","8"
"2016-04-02","United States","2134","5"
"2016-04-03","United Kingdom","1697","8"
"2016-04-03","United States","2616","14"
"2016-04-04","United Kingdom","1906","11"
"2016-04-04","United States","3254","10"
"2016-04-05","United Kingdom","1942","5"
"2016-04-05","United States","3181","7"
"2016-04-06","United Kingdom","1790","7"
"2016-04-06","United States","3313","18"
"2016-04-07","United Kingdom","1868","13"
"2016-04-07","United States","3597","16"
"2016-04-08","United Kingdom","1690","6"
"2016-04-08","United States","2869","16"
"2016-04-09","United Kingdom","1393","2"
"2016-04-09","United States","2539","13"
"2016-04-10","United Kingdom","1734","11"
"2016-04-10","United States","2542","4"
"2016-04-11","United Kingdom","1613","12"
"2016-04-11","United States","2964","7"
"2016-04-12","United Kingdom","1562","11"
"2016-04-12","United States","2684","17"
"2016-04-13","United Kingdom","1441","8"
"2016-04-13","United States","2648","10"
"2016-04-14","United Kingdom","1448","11"
"2016-04-14","United States","2600","17"
"2016-04-15","United Kingdom","1309","7"
"2016-04-15","United States","2260","10"
"2016-04-16","United Kingdom","1315","4"
"2016-04-16","United States","2156","10"
"2016-04-17","United Kingdom","1423","7"
"2016-04-17","United States","2132","4"
"2016-04-18","United Kingdom","1593","11"
"2016-04-18","United States","2769","8"
"2016-04-19","United Kingdom","1418","4"
"2016-04-19","United States","2858","15"
"2016-04-20","United Kingdom","1357","10"
"2016-04-20","United States","2561","12"
"2016-04-21","United Kingdom","1287","9"
"2016-04-21","United States","2144","14"
"2016-04-22","United Kingdom","1384","4"
"2016-04-22","United States","2210","21"
"2016-04-23","United Kingdom","1108","5"
"2016-04-23","United States","1816","11"
"2016-04-24","United Kingdom","1622","4"
"2016-04-24","United States","1822","6"
"2016-04-25","United Kingdom","1522","8"
"2016-04-25","United States","2329","20"
"2016-04-26","United Kingdom","2291","12"
"2016-04-26","United States","2904","15"
"2016-04-27","United Kingdom","3724","10"
"2016-04-27","United States","6025","19"
"2016-04-28","United Kingdom","2502","11"
"2016-04-28","United States","3799","19"
"2016-04-29","United Kingdom","2090","10"
"2016-04-29","United States","2939","14"
"2016-04-30","United Kingdom","2056","7"
"2016-04-30","United States","2429","15"
"2016-05-01","United Kingdom","1978","6"
"2016-05-01","United States","2724","19"
"2016-05-02","United Kingdom","2278","10"
"2016-05-02","United States","3069","20"
"2016-05-03","United Kingdom","2221","11"
"2016-05-03","United States","2804","19"
"2016-05-04","United Kingdom","2180","6"
"2016-05-04","United States","2905","21"
"2016-05-05","United Kingdom","1945","11"
"2016-05-05","United States","3348","14"
"2016-05-06","United Kingdom","1729","4"
"2016-05-06","United States","2496","13"
"2016-05-07","United Kingdom","1691","3"
"2016-05-07","United States","2136","14"
"2016-05-08","United Kingdom","1865","9"
"2016-05-08","United States","2288","13"
"2016-05-09","United Kingdom","2183","4"
"2016-05-09","United States","2981","19"
"2016-05-10","United Kingdom","2374","16"
"2016-05-10","United States","3164","6"
"2016-05-11","United Kingdom","2115","11"
"2016-05-11","United States","2921","13"
"2016-05-12","United Kingdom","2011","10"
"2016-05-12","United States","2700","16"
"2016-05-13","United Kingdom","1712","4"
"2016-05-13","United States","2309","16"
"2016-05-14","United Kingdom","1341","13"
"2016-05-14","United States","2085","13"
"2016-05-15","United Kingdom","1756","8"
"2016-05-15","United States","2337","20"
"2016-05-16","United Kingdom","1836","18"
"2016-05-16","United States","2799","10"
"2016-05-17","United Kingdom","1865","8"
"2016-05-17","United States","2854","21"
"2016-05-18","United Kingdom","2359","7"
"2016-05-18","United States","3685","14"
"2016-05-19","United Kingdom","2068","8"
"2016-05-19","United States","3177","15"
"2016-05-20","United Kingdom","1955","6"
"2016-05-20","United States","2951","12"
"2016-05-21","United Kingdom","2132","7"
"2016-05-21","United States","2515","5"
"2016-05-22","United Kingdom","2557","11"
"2016-05-22","United States","2641","15"
"2016-05-23","United Kingdom","2336","9"
"2016-05-23","United States","3453","15"
"2016-05-24","United Kingdom","2243","7"
"2016-05-24","United States","3679","7"
"2016-05-25","United Kingdom","2466","5"
"2016-05-25","United States","3797","13"
"2016-05-26","United Kingdom","2221","12"
"2016-05-26","United States","3281","15"
"2016-05-27","United Kingdom","1794","9"
"2016-05-27","United States","3029","11"
"2016-05-28","United Kingdom","1601","10"
"2016-05-28","United States","2241","8"
"2016-05-29","United Kingdom","1748","7"
"2016-05-29","United States","2218","5"
"2016-05-30","United Kingdom","2008","5"
"2016-05-30","United States","2809","18"
"2016-05-31","United Kingdom","2621","7"
"2016-05-31","United States","3496","13"
"2016-06-01","United Kingdom","2217","9"
"2016-06-01","United States","3171","10"
"2016-06-02","United Kingdom","1691","8"
"2016-06-02","United States","2574","12"
"2016-06-03","United Kingdom","1532","7"
"2016-06-03","United States","2331","15"
"2016-06-04","United Kingdom","1463","4"
"2016-06-04","United States","2078","10"
"2016-06-05","United Kingdom","1408","3"
"2016-06-05","United States","2391","8"
"2016-06-06","United Kingdom","1618","13"
"2016-06-06","United States","2717","14"
"2016-06-07","United Kingdom","1650","9"
"2016-06-07","United States","2508","13"
"2016-06-08","United Kingdom","2715","8"
"2016-06-08","United States","4217","8"
"2016-06-09","United Kingdom","1858","7"
"2016-06-09","United States","2949","14"
"2016-06-10","United Kingdom","1896","8"
"2016-06-10","United States","2976","17"
"2016-06-11","United Kingdom","1739","8"
"2016-06-11","United States","2557","12"
"2016-06-12","United Kingdom","2109","14"
"2016-06-12","United States","2696","7"
"2016-06-13","United Kingdom","2340","13"
"2016-06-13","United States","3212","9"
"2016-06-14","United Kingdom","2233","11"
"2016-06-14","United States","3480","15"
"2016-06-15","United Kingdom","2326","11"
"2016-06-15","United States","3484","16"
"2016-06-16","United Kingdom","1949","10"
"2016-06-16","United States","5099","12"
"2016-06-17","United Kingdom","1687","3"
"2016-06-17","United States","3995","13"
"2016-06-18","United Kingdom","1636","7"
"2016-06-18","United States","2830","13"
"2016-06-19","United Kingdom","2040","9"
"2016-06-19","United States","2647","13"
"2016-06-20","United Kingdom","2004","10"
"2016-06-20","United States","3380","15"
"2016-06-21","United Kingdom","1639","11"
"2016-06-21","United States","3538","10"
"2016-06-22","United Kingdom","1620","10"
"2016-06-22","United States","3727","18"
"2016-06-23","United Kingdom","1423","8"
"2016-06-23","United States","3292","10"
"2016-06-24","United Kingdom","1125","4"
"2016-06-24","United States","2888","8"
"2016-06-25","United Kingdom","1332","11"
"2016-06-25","United States","2841","12"
"2016-06-26","United Kingdom","1756","13"
"2016-06-26","United States","2849","12"
"2016-06-27","United Kingdom","1753","8"
"2016-06-27","United States","3597","15"
"2016-06-28","United Kingdom","1938","9"
"2016-06-28","United States","3805","17"
"2016-06-29","United Kingdom","1863","10"
"2016-06-29","United States","3447","12"
"2016-06-30","United Kingdom","1719","11"
"2016-06-30","United States","2995","11"
"2016-07-01","United Kingdom","1603","8"
"2016-07-01","United States","2936","5"
"2016-07-02","United Kingdom","1711","7"
"2016-07-02","United States","2713","6"
"2016-07-03","United Kingdom","2204","11"
"2016-07-03","United States","2724","3"
"2016-07-04","United Kingdom","2361","11"
"2016-07-04","United States","3196","12"
"2016-07-05","United Kingdom","1949","3"
"2016-07-05","United States","4155","14"
"2016-07-06","United Kingdom","2343","3"
"2016-07-06","United States","4853","14"
"2016-07-07","United Kingdom","3154","8"
"2016-07-07","United States","5069","23"
"2016-07-08","United Kingdom","2607","14"
"2016-07-08","United States","4225","14"
"2016-07-09","United Kingdom","2311","11"
"2016-07-09","United States","3543","17"
"2016-07-10","United Kingdom","2653","11"
"2016-07-10","United States","3908","14"
"2016-07-11","United Kingdom","2670","22"
"2016-07-11","United States","4358","15"
"2016-07-12","United Kingdom","2729","11"
"2016-07-12","United States","4103","17"
"2016-07-13","United Kingdom","2720","15"
"2016-07-13","United States","3948","20"
"2016-07-14","United Kingdom","2516","11"
"2016-07-14","United States","3610","20"
"2016-07-15","United Kingdom","2234","10"
"2016-07-15","United States","3264","10"
"2016-07-16","United Kingdom","2003","4"
"2016-07-16","United States","3248","11"
"2016-07-17","United Kingdom","2699","5"
"2016-07-17","United States","3170","9"
"2016-07-18","United Kingdom","2639","17"
"2016-07-18","United States","3655","10"
"2016-07-19","United Kingdom","2271","18"
"2016-07-19","United States","3455","26"
"2016-07-20","United Kingdom","2586","9"
"2016-07-20","United States","3353","11"
"2016-07-21","United Kingdom","2620","11"
"2016-07-21","United States","3301","10"
"2016-07-22","United Kingdom","2368","9"
"2016-07-22","United States","3136","9"
"2016-07-23","United Kingdom","2372","10"
"2016-07-23","United States","2679","7"
"2016-07-24","United Kingdom","3048","9"
"2016-07-24","United States","3363","13"
"2016-07-25","United Kingdom","2968","11"
"2016-07-25","United States","3761","15"
"2016-07-26","United Kingdom","2870","20"
"2016-07-26","United States","5506","11"
"2016-07-27","United Kingdom","2571","13"
"2016-07-27","United States","5017","14"
"2016-07-28","United Kingdom","2499","6"
"2016-07-28","United States","3086","18"
"2016-07-29","United Kingdom","2051","8"
"2016-07-29","United States","2849","24"
"2016-07-30","United Kingdom","1954","3"
"2016-07-30","United States","2458","10"
"2016-07-31","United Kingdom","2036","22"
"2016-07-31","United States","2891","10"
"2016-08-01","United Kingdom","2618","15"
"2016-08-01","United States","3469","13"
"2016-08-02","United Kingdom","2640","18"
"2016-08-02","United States","3365","21"
"2016-08-03","United Kingdom","3075","16"
"2016-08-03","United States","3999","10"
"2016-08-04","United Kingdom","3055","6"
"2016-08-04","United States","4609","13"
"2016-08-05","United Kingdom","2510","13"
"2016-08-05","United States","4020","16"
"2016-08-06","United Kingdom","2163","7"
"2016-08-06","United States","3825","11"
"2016-08-07","United Kingdom","2854","6"
"2016-08-07","United States","3760","6"
"2016-08-08","United Kingdom","3047","14"
"2016-08-08","United States","4329","16"
"2016-08-09","United Kingdom","2956","15"
"2016-08-09","United States","4833","16"
"2016-08-10","United Kingdom","3207","8"
"2016-08-10","United States","4453","20"
"2016-08-11","United Kingdom","2901","9"
"2016-08-11","United States","4167","16"
"2016-08-12","United Kingdom","2414","12"
"2016-08-12","United States","3863","24"
"2016-08-13","United Kingdom","2242","8"
"2016-08-13","United States","3321","14"
"2016-08-14","United Kingdom","2589","12"
"2016-08-14","United States","3520","20"
"2016-08-15","United Kingdom","2634","12"
"2016-08-15","United States","4256","15"
"2016-08-16","United Kingdom","2543","13"
"2016-08-16","United States","4334","18"
"2016-08-17","United Kingdom","2398","15"
"2016-08-17","United States","4247","20"
"2016-08-18","United Kingdom","2271","9"
"2016-08-18","United States","3451","13"
"2016-08-19","United Kingdom","2545","7"
"2016-08-19","United States","3432","11"
"2016-08-20","United Kingdom","2717","9"
"2016-08-20","United States","2844","12"
"2016-08-21","United Kingdom","2876","6"
"2016-08-21","United States","3481","8"
"2016-08-22","United Kingdom","3152","18"
"2016-08-22","United States","4354","15"
"2016-08-23","United Kingdom","3025","12"
"2016-08-23","United States","4649","9"
"2016-08-24","United Kingdom","2807","8"
"2016-08-24","United States","4699","17"
"2016-08-25","United Kingdom","2513","10"
"2016-08-25","United States","4142","10"
"2016-08-26","United Kingdom","2369","8"
"2016-08-26","United States","4212","15"
"2016-08-27","United Kingdom","2141","4"
"2016-08-27","United States","3883","19"
"2016-08-28","United Kingdom","2304","7"
"2016-08-28","United States","4203","13"
"2016-08-29","United Kingdom","2875","7"
"2016-08-29","United States","4571","21"
"2016-08-30","United Kingdom","3203","6"
"2016-08-30","United States","5297","19"
"2016-08-31","United Kingdom","2943","10"
"2016-08-31","United States","4831","21"
"2016-09-01","United Kingdom","2610","14"
"2016-09-01","United States","4608","17"
"2016-09-02","United Kingdom","2142","14"
"2016-09-02","United States","3591","14"
"2016-09-03","United Kingdom","2264","10"
"2016-09-03","United States","3152","13"
"2016-09-04","United Kingdom","2496","14"
"2016-09-04","United States","3288","10"
"2016-09-05","United Kingdom","2908","8"
"2016-09-05","United States","3892","13"
"2016-09-06","United Kingdom","2783","14"
"2016-09-06","United States","5370","16"
"2016-09-07","United Kingdom","2570","12"
"2016-09-07","United States","4876","14"
"2016-09-08","United Kingdom","2510","12"
"2016-09-08","United States","5057","20"
"2016-09-09","United Kingdom","2319","6"
"2016-09-09","United States","4142","12"
"2016-09-10","United Kingdom","2594","11"
"2016-09-10","United States","3540","8"
"2016-09-11","United Kingdom","2752","8"
"2016-09-11","United States","3493","12"
"2016-09-12","United Kingdom","2964","11"
"2016-09-12","United States","4652","19"
"2016-09-13","United Kingdom","2711","7"
"2016-09-13","United States","4460","18"
"2016-09-14","United Kingdom","2417","24"
"2016-09-14","United States","4845","21"
"2016-09-15","United Kingdom","2549","14"
"2016-09-15","United States","4822","29"
"2016-09-16","United Kingdom","2072","23"
"2016-09-16","United States","3750","19"
"2016-09-17","United Kingdom","2244","3"
"2016-09-17","United States","3361","17"
"2016-09-18","United Kingdom","2678","12"
"2016-09-18","United States","3748","17"
"2016-09-19","United Kingdom","2632","21"
"2016-09-19","United States","4722","15"
"2016-09-20","United Kingdom","2283","21"
"2016-09-20","United States","4364","21"
"2016-09-21","United Kingdom","2370","16"
"2016-09-21","United States","4179","23"
"2016-09-22","United Kingdom","2312","20"
"2016-09-22","United States","3905","41"
"2016-09-23","United Kingdom","1902","11"
"2016-09-23","United States","3683","18"
"2016-09-24","United Kingdom","1942","13"
"2016-09-24","United States","3098","20"
"2016-09-25","United Kingdom","2538","6"
"2016-09-25","United States","3227","12"
"2016-09-26","United Kingdom","2565","12"
"2016-09-26","United States","4390","25"
"2016-09-27","United Kingdom","2393","13"
"2016-09-27","United States","3901","22"
"2016-09-28","United Kingdom","2628","15"
"2016-09-28","United States","4093","15"
"2016-09-29","United Kingdom","2344","9"
"2016-09-29","United States","4241","19"
"2016-09-30","United Kingdom","2068","11"
"2016-09-30","United States","3530","17"
"2016-10-01","United Kingdom","2702","8"
"2016-10-01","United States","4439","6"
"2016-10-02","United Kingdom","2729","13"
"2016-10-02","United States","3997","10"
"2016-10-03","United Kingdom","2691","12"
"2016-10-03","United States","4568","15"
"2016-10-04","United Kingdom","2603","19"
"2016-10-04","United States","4352","25"
"2016-10-05","United Kingdom","2335","10"
"2016-10-05","United States","3985","16"
"2016-10-06","United Kingdom","2186","11"
"2016-10-06","United States","3937","14"
"2016-10-07","United Kingdom","2019","11"
"2016-10-07","United States","3344","19"
"2016-10-08","United Kingdom","2056","7"
"2016-10-08","United States","3472","20"
"2016-10-09","United Kingdom","2952","10"
"2016-10-09","United States","3492","17"
"2016-10-10","United Kingdom","2751","11"
"2016-10-10","United States","4289","7"
"2016-10-11","United Kingdom","2540","17"
"2016-10-11","United States","4115","16"
"2016-10-12","United Kingdom","2247","23"
"2016-10-12","United States","3626","22"
"2016-10-13","United Kingdom","2085","12"
"2016-10-13","United States","3467","20"
"2016-10-14","United Kingdom","1990","9"
"2016-10-14","United States","3319","15"
"2016-10-15","United Kingdom","2190","9"
"2016-10-15","United States","3299","13"
"2016-10-16","United Kingdom","2887","19"
"2016-10-16","United States","3526","12"
"2016-10-17","United Kingdom","2597","21"
"2016-10-17","United States","4379","26"
"2016-10-18","United Kingdom","2530","15"
"2016-10-18","United States","4465","30"
"2016-10-19","United Kingdom","2481","7"
"2016-10-19","United States","4200","18"
"2016-10-20","United Kingdom","2115","7"
"2016-10-20","United States","3814","22"
"2016-10-21","United Kingdom","1973","8"
"2016-10-21","United States","4028","18"
"2016-10-22","United Kingdom","1921","14"
"2016-10-22","United States","3382","10"
"2016-10-23","United Kingdom","2515","13"
"2016-10-23","United States","3524","23"
"2016-10-24","United Kingdom","2364","15"
"2016-10-24","United States","4532","31"
"2016-10-25","United Kingdom","2783","17"
"2016-10-25","United States","4911","19"
"2016-10-26","United Kingdom","3189","13"
"2016-10-26","United States","5083","17"
"2016-10-27","United Kingdom","2765","11"
"2016-10-27","United States","5177","24"
"2016-10-28","United Kingdom","2480","8"
"2016-10-28","United States","4766","12"
"2016-10-29","United Kingdom","2378","6"
"2016-10-29","United States","3999","16"
"2016-10-30","United Kingdom","3321","16"
"2016-10-30","United States","4491","16"
"2016-10-31","United Kingdom","3000","20"
"2016-10-31","United States","4859","29"
"2016-11-01","United Kingdom","2932","18"
"2016-11-01","United States","4124","27"
"2016-11-02","United Kingdom","2689","25"
"2016-11-02","United States","4259","25"
"2016-11-03","United Kingdom","2497","16"
"2016-11-03","United States","4228","16"
"2016-11-04","United Kingdom","2096","18"
"2016-11-04","United States","3899","12"
"2016-11-05","United Kingdom","2053","7"
"2016-11-05","United States","4370","10"
"2016-11-06","United Kingdom","2580","11"
"2016-11-06","United States","4028","11"
"2016-11-07","United Kingdom","2645","18"
"2016-11-07","United States","4876","14"
"2016-11-08","United Kingdom","2572","16"
"2016-11-08","United States","4113","21"
"2016-11-09","United Kingdom","2114","14"
"2016-11-09","United States","3160","22"
"2016-11-10","United Kingdom","2372","15"
"2016-11-10","United States","3737","24"
"2016-11-11","United Kingdom","2437","11"
"2016-11-11","United States","3736","25"
"2016-11-12","United Kingdom","2360","9"
"2016-11-12","United States","3917","12"
"2016-11-13","United Kingdom","2614","9"
"2016-11-13","United States","4086","11"
"2016-11-14","United Kingdom","2900","21"
"2016-11-14","United States","5094","24"
"2016-11-15","United Kingdom","2478","15"
"2016-11-15","United States","4447","24"
"2016-11-16","United Kingdom","2322","11"
"2016-11-16","United States","4341","23"
"2016-11-17","United Kingdom","2427","10"
"2016-11-17","United States","4156","26"
"2016-11-18","United Kingdom","1903","13"
"2016-11-18","United States","3970","20"
"2016-11-19","United Kingdom","1911","9"
"2016-11-19","United States","3572","21"
"2016-11-20","United Kingdom","2946","9"
"2016-11-20","United States","3780","13"
"2016-11-21","United Kingdom","2513","10"
"2016-11-21","United States","4520","21"
"2016-11-22","United Kingdom","2309","12"
"2016-11-22","United States","4473","27"
"2016-11-23","United Kingdom","4444","14"
"2016-11-23","United States","5868","15"
"2016-11-24","United Kingdom","4052","7"
"2016-11-24","United States","4657","10"
"2016-11-25","United Kingdom","3170","20"
"2016-11-25","United States","4958","31"
"2016-11-26","United Kingdom","2734","22"
"2016-11-26","United States","5202","31"
"2016-11-27","United Kingdom","2931","21"
"2016-11-27","United States","5322","34"
"2016-11-28","United Kingdom","3278","29"
"2016-11-28","United States","6391","55"
"2016-11-29","United Kingdom","3434","18"
"2016-11-29","United States","6409","49"
"2016-11-30","United Kingdom","2956","14"
"2016-11-30","United States","5875","30"
"2016-12-01","United Kingdom","2422","16"
"2016-12-01","United States","4684","29"
"2016-12-02","United Kingdom","2290","19"
"2016-12-02","United States","4075","25"
"2016-12-03","United Kingdom","2267","4"
"2016-12-03","United States","3927","19"
"2016-12-04","United Kingdom","2709","6"
"2016-12-04","United States","4386","18"
"2016-12-05","United Kingdom","2897","11"
"2016-12-05","United States","5342","30"
"2016-12-06","United Kingdom","2871","16"
"2016-12-06","United States","4994","24"
"2016-12-07","United Kingdom","2801","11"
"2016-12-07","United States","5333","27"
"2016-12-08","United Kingdom","2618","14"
"2016-12-08","United States","4512","14"
"2016-12-09","United Kingdom","2320","14"
"2016-12-09","United States","3931","22"
"2016-12-10","United Kingdom","2152","7"
"2016-12-10","United States","3694","17"
"2016-12-11","United Kingdom","2745","11"
"2016-12-11","United States","3666","15"
"2016-12-12","United Kingdom","3200","11"
"2016-12-12","United States","5142","19"
"2016-12-13","United Kingdom","2963","9"
"2016-12-13","United States","4779","29"
"2016-12-14","United Kingdom","2378","17"
"2016-12-14","United States","4135","30"
"2016-12-15","United Kingdom","2058","4"
"2016-12-15","United States","4002","16"
"2016-12-16","United Kingdom","1929","11"
"2016-12-16","United States","3445","25"
"2016-12-17","United Kingdom","1765","9"
"2016-12-17","United States","3141","17"
"2016-12-18","United Kingdom","2304","9"
"2016-12-18","United States","3497","18"
"2016-12-19","United Kingdom","2286","4"
"2016-12-19","United States","4364","23"
"2016-12-20","United Kingdom","3052","7"
"2016-12-20","United States","4969","19"
"2016-12-21","United Kingdom","3577","9"
"2016-12-21","United States","6454","29"
"2016-12-22","United Kingdom","3052","7"
"2016-12-22","United States","5013","11"
"2016-12-23","United Kingdom","2915","8"
"2016-12-23","United States","4470","20"
"2016-12-24","United Kingdom","1852","4"
"2016-12-24","United States","3809","16"
"2016-12-25","United States","3492","9"
"2016-12-26","United Kingdom","2739","10"
"2016-12-26","United States","5566","32"
"2016-12-27","United Kingdom","4242","13"
"2016-12-27","United States","7033","26"
"2016-12-28","United Kingdom","4862","20"
"2016-12-28","United States","8319","36"
"2016-12-29","United Kingdom","4218","18"
"2016-12-29","United States","7051","32"
"2016-12-30","United Kingdom","4039","22"
"2016-12-30","United States","6289","43"
"2016-12-31","United Kingdom","3254","15"
"2016-12-31","United States","5883","33"
"2017-01-01","United Kingdom","4207","16"
"2017-01-01","United States","5039","39"
"2017-01-02","United Kingdom","5469","18"
"2017-01-02","United States","7636","41"
"2017-01-03","United Kingdom","5592","21"
"2017-01-03","United States","7839","50"
"2017-01-04","United Kingdom","5730","15"
"2017-01-04","United States","9042","28"
"2017-01-05","United Kingdom","5833","22"
"2017-01-05","United States","8635","25"
"2017-01-06","United Kingdom","5151","16"
"2017-01-06","United States","7980","28"
"2017-01-07","United Kingdom","5194","12"
"2017-01-07","United States","7294","25"
"2017-01-08","United Kingdom","6478","16"
"2017-01-08","United States","8780","36"
"2017-01-09","United Kingdom","6681","17"
"2017-01-09","United States","8826","42"
"2017-01-10","United Kingdom","5637","23"
"2017-01-10","United States","8767","24"
"2017-01-11","United Kingdom","4970","18"
"2017-01-11","United States","7964","41"
"2017-01-12","United Kingdom","4493","12"
"2017-01-12","United States","7565","39"
"2017-01-13","United Kingdom","4206","19"
"2017-01-13","United States","7035","32"
"2017-01-14","United Kingdom","4523","9"
"2017-01-14","United States","7482","28"
"2017-01-15","United Kingdom","5727","13"
"2017-01-15","United States","8061","23"
"2017-01-16","United Kingdom","6591","23"
"2017-01-16","United States","9208","44"
"2017-01-17","United Kingdom","5701","16"
"2017-01-17","United States","9235","35"
"2017-01-18","United Kingdom","4285","19"
"2017-01-18","United States","7628","39"
"2017-01-19","United Kingdom","4183","28"
"2017-01-19","United States","7333","28"
"2017-01-20","United Kingdom","3028","12"
"2017-01-20","United States","6469","32"
"2017-01-21","United Kingdom","3878","15"
"2017-01-21","United States","6127","20"
"2017-01-22","United Kingdom","4883","12"
"2017-01-22","United States","7294","29"
"2017-01-23","United Kingdom","4451","22"
"2017-01-23","United States","8251","42"
"2017-01-24","United Kingdom","4384","17"
"2017-01-24","United States","8092","35"
"2017-01-25","United Kingdom","4245","25"
"2017-01-25","United States","7412","34"
"2017-01-26","United Kingdom","3655","20"
"2017-01-26","United States","7463","37"
"2017-01-27","United Kingdom","3152","24"
"2017-01-27","United States","6632","40"
"2017-01-28","United Kingdom","3703","18"
"2017-01-28","United States","6867","36"
"2017-01-29","United Kingdom","4331","28"
"2017-01-29","United States","6691","29"
"2017-01-30","United Kingdom","4237","31"
"2017-01-30","United States","7591","57"
"2017-01-31","United Kingdom","4442","33"
"2017-01-31","United States","7154","42"
"2017-02-01","United Kingdom","4302","41"
"2017-02-01","United States","6934","43"
"2017-02-02","United Kingdom","3756","39"
"2017-02-02","United States","6222","51"
"2017-02-03","United Kingdom","3064","17"
"2017-02-03","United States","5896","49"
"2017-02-04","United Kingdom","3579","18"
"2017-02-04","United States","6055","32"
"2017-02-05","United Kingdom","4627","15"
"2017-02-05","United States","6134","26"
"2017-02-06","United Kingdom","4327","33"
"2017-02-06","United States","6841","39"
"2017-02-07","United Kingdom","4361","15"
"2017-02-07","United States","6999","33"
"2017-02-08","United Kingdom","4414","17"
"2017-02-08","United States","7001","31"
"2017-02-09","United Kingdom","3421","18"
"2017-02-09","United States","6214","38"
"2017-02-10","United Kingdom","2728","11"
"2017-02-10","United States","5663","34"
"2017-02-11","United Kingdom","3124","15"
"2017-02-11","United States","5156","33"
"2017-02-12","United Kingdom","4029","16"
"2017-02-12","United States","5738","17"
"2017-02-13","United Kingdom","4195","16"
"2017-02-13","United States","6250","29"
"2017-02-14","United Kingdom","3759","23"
"2017-02-14","United States","6454","34"
"2017-02-15","United Kingdom","3884","13"
"2017-02-15","United States","5664","26"
"2017-02-16","United Kingdom","3267","12"
"2017-02-16","United States","6334","32"
"2017-02-17","United Kingdom","2984","23"
"2017-02-17","United States","5663","25"
"2017-02-18","United Kingdom","3293","12"
"2017-02-18","United States","5453","26"
"2017-02-19","United Kingdom","4369","10"
"2017-02-19","United States","6149","14"
"2017-02-20","United Kingdom","4176","23"
"2017-02-20","United States","7017","25"
"2017-02-21","United Kingdom","4124","18"
"2017-02-21","United States","7388","26"
"2017-02-22","United Kingdom","4576","15"
"2017-02-22","United States","7934","33"
"2017-02-23","United Kingdom","3983","15"
"2017-02-23","United States","6939","27"
"2017-02-24","United Kingdom","3405","9"
"2017-02-24","United States","5859","26"
"2017-02-25","United Kingdom","3794","15"
"2017-02-25","United States","5821","27"
"2017-02-26","United Kingdom","4744","16"
"2017-02-26","United States","6202","31"
"2017-02-27","United Kingdom","4729","20"
"2017-02-27","United States","6567","26"
"2017-02-28","United Kingdom","4734","15"
"2017-02-28","United States","6914","31"
"2017-03-01","United Kingdom","4067","20"
"2017-03-01","United States","6988","26"
"2017-03-02","United Kingdom","3735","14"
"2017-03-02","United States","6826","29"
"2017-03-03","United Kingdom","4057","13"
"2017-03-03","United States","6291","29"
"2017-03-04","United Kingdom","4158","19"
"2017-03-04","United States","6458","35"
"2017-03-05","United Kingdom","4893","12"
"2017-03-05","United States","7095","22"
"2017-03-06","United Kingdom","4763","24"
"2017-03-06","United States","7709","22"
"2017-03-07","United Kingdom","4295","14"
"2017-03-07","United States","7595","43"
"2017-03-08","United Kingdom","3478","22"
"2017-03-08","United States","6645","37"
"2017-03-09","United Kingdom","3371","13"
"2017-03-09","United States","6230","34"
"2017-03-10","United Kingdom","3480","13"
"2017-03-10","United States","5826","33"
"2017-03-11","United Kingdom","3758","19"
"2017-03-11","United States","6053","23"
"2017-03-12","United Kingdom","4632","21"
"2017-03-12","United States","6730","32"
"2017-03-13","United Kingdom","3909","17"
"2017-03-13","United States","7047","44"
"2017-03-14","United Kingdom","4450","27"
"2017-03-14","United States","8093","33"
"2017-03-15","United Kingdom","4497","21"
"2017-03-15","United States","8202","32"
"2017-03-16","United Kingdom","4056","14"
"2017-03-16","United States","6712","29"
"2017-03-17","United Kingdom","3559","14"
"2017-03-17","United States","6352","29"
"2017-03-18","United Kingdom","3691","12"
"2017-03-18","United States","5981","22"
"2017-03-19","United Kingdom","4727","14"
"2017-03-19","United States","6861","29"
"2017-03-20","United Kingdom","5218","16"
"2017-03-20","United States","7624","32"
"2017-03-21","United Kingdom","4631","16"
"2017-03-21","United States","7149","34"
"2017-03-22","United Kingdom","4953","10"
"2017-03-22","United States","7093","43"
"2017-03-23","United Kingdom","4249","17"
"2017-03-23","United States","6479","31"
"2017-03-24","United Kingdom","3756","13"
"2017-03-24","United States","6015","30"
"2017-03-25","United Kingdom","3439","14"
"2017-03-25","United States","6521","23"
"2017-03-26","United Kingdom","3732","16"
"2017-03-26","United States","6100","40"
"2017-03-27","United Kingdom","4509","25"
"2017-03-27","United States","7269","25"
"2017-03-28","United Kingdom","3938","19"
"2017-03-28","United States","7025","31"
"2017-03-29","United Kingdom","3428","21"
"2017-03-29","United States","7119","40"
"2017-03-30","United Kingdom","3075","13"
"2017-03-30","United States","6300","27"
"2017-03-31","United Kingdom","3332","13"
"2017-03-31","United States","6085","23"
"2017-04-01","United Kingdom","3211","16"
"2017-04-01","United States","5821","22"
"2017-04-02","United Kingdom","3741","22"
"2017-04-02","United States","6179","22"
"2017-04-03","United Kingdom","4102","12"
"2017-04-03","United States","7044","28"
"2017-04-04","United Kingdom","3902","13"
"2017-04-04","United States","6757","24"
"2017-04-05","United Kingdom","3688","17"
"2017-04-05","United States","6201","37"
"2017-04-06","United Kingdom","3296","18"
"2017-04-06","United States","6126","27"
"2017-04-07","United Kingdom","2925","8"
"2017-04-07","United States","5702","17"
"2017-04-08","United Kingdom","2769","14"
"2017-04-08","United States","5412","22"
"2017-04-09","United Kingdom","3384","5"
"2017-04-09","United States","5580","13"
"2017-04-10","United Kingdom","4251","14"
"2017-04-10","United States","6413","21"
"2017-04-11","United Kingdom","4387","12"
"2017-04-11","United States","6757","18"
"2017-04-12","United Kingdom","4531","15"
"2017-04-12","United States","6888","27"
"2017-04-13","United Kingdom","4247","18"
"2017-04-13","United States","6875","29"
"2017-04-14","United Kingdom","3722","14"
"2017-04-14","United States","5990","30"
"2017-04-15","United Kingdom","4155","13"
"2017-04-15","United States","5700","21"
"2017-04-16","United Kingdom","4449","19"
"2017-04-16","United States","6287","27"
"2017-04-17","United Kingdom","4940","24"
"2017-04-17","United States","7324","40"
"2017-04-18","United Kingdom","5294","24"
"2017-04-18","United States","7772","40"
"2017-04-19","United Kingdom","5732","15"
"2017-04-19","United States","7706","34"
"2017-04-20","United Kingdom","5168","14"
"2017-04-20","United States","7449","25"
"2017-04-21","United Kingdom","4013","16"
"2017-04-21","United States","6533","28"
"2017-04-22","United Kingdom","3548","10"
"2017-04-22","United States","6588","22"
"2017-04-23","United Kingdom","4084","19"
"2017-04-23","United States","6475","30"
"2017-04-24","United Kingdom","4263","12"
"2017-04-24","United States","7917","38"
"2017-04-25","United Kingdom","4163","15"
"2017-04-25","United States","7773","44"
"2017-04-26","United Kingdom","3723","18"
"2017-04-26","United States","7505","47"
"2017-04-27","United Kingdom","3486","12"
"2017-04-27","United States","7205","28"
"2017-04-28","United Kingdom","3004","17"
"2017-04-28","United States","6723","35"
"2017-04-29","United Kingdom","3154","15"
"2017-04-29","United States","6567","32"
"2017-04-30","United Kingdom","3774","13"
"2017-04-30","United States","6788","42"
"2017-05-01","United Kingdom","4644","20"
"2017-05-01","United States","7260","28"
